record_id,current_human_check_status,gpt_check_note,gpt_check_status,note_source
KB2025-034-001,pending,危険類型: Q文逆推測補完 / OCR誤記. 不整合: answer_symbol=× 自体は画像右欄確認ベースで維持。現状の主問題は Q/E の読取・転記不全で、Q文とE文はいずれもプレースホルダーまたはOCR要修正。問題文から自然に導ける正誤の最終判定は左欄原文の再転記後に再確認。 画像確認: 解答欄の○×表記は念のため再確認するが、主眼はQ/E文の再転記; 問題文左欄を原文どおりに再転記し、推測補完部分を除去; OCRで崩れた漢字・助詞・否定語・主語述語を原画像で確認; 問題文左欄・解説右欄を画像から直接転記し、要約文を置換. 参照: 0034 pageQ=172/pageA=173.,done,stale_gpt_review
KB2025-034-002,pending,危険類型: Q文逆推測補完 / OCR誤記 / 限定語欠落. 不整合: answer_symbol=× 自体は画像右欄確認ベースで維持。現状の主問題は Q/E の読取・転記不全で、Q文とE文はいずれもプレースホルダーまたはOCR要修正。問題文から自然に導ける正誤の最終判定は左欄原文の再転記後に再確認。 画像確認: 解答欄の○×表記は念のため再確認するが、主眼はQ/E文の再転記; 問題文左欄を原文どおりに再転記し、推測補完部分を除去; OCRで崩れた漢字・助詞・否定語・主語述語を原画像で確認; 限定語（必ず／直ちに／あらかじめ／原則として／ただし／一律に 等）の有無を確認; 問題文左欄・解説右欄を画像から直接転記し、要約文を置換. 参照: 0034 pageQ=172/pageA=173.,done,stale_gpt_review
KB2025-034-003,pending,危険類型: Q文逆推測補完 / OCR誤記. 不整合: answer_symbol=× 自体は画像右欄確認ベースで維持。現状の主問題は Q/E の読取・転記不全で、Q文とE文はいずれもプレースホルダーまたはOCR要修正。問題文から自然に導ける正誤の最終判定は左欄原文の再転記後に再確認。 画像確認: 解答欄の○×表記は念のため再確認するが、主眼はQ/E文の再転記; 問題文左欄を原文どおりに再転記し、推測補完部分を除去; OCRで崩れた漢字・助詞・否定語・主語述語を原画像で確認; 問題文左欄・解説右欄を画像から直接転記し、要約文を置換. 参照: 0034 pageQ=172/pageA=173.,done,stale_gpt_review
KB2025-034-004,pending,危険類型: Q文逆推測補完 / OCR誤記. 不整合: answer_symbol=○ 自体は画像右欄確認ベースで維持。現状の主問題は Q/E の読取・転記不全で、Q文とE文はいずれもプレースホルダーまたはOCR要修正。問題文から自然に導ける正誤の最終判定は左欄原文の再転記後に再確認。 画像確認: 解答欄の○×表記は念のため再確認するが、主眼はQ/E文の再転記; 問題文左欄を原文どおりに再転記し、推測補完部分を除去; OCRで崩れた漢字・助詞・否定語・主語述語を原画像で確認; 問題文左欄・解説右欄を画像から直接転記し、要約文を置換. 参照: 0034 pageQ=172/pageA=173.,done,stale_gpt_review
KB2025-034-005,pending,危険類型: Q文逆推測補完 / OCR誤記. 不整合: answer_symbol=× 自体は画像右欄確認ベースで維持。現状の主問題は Q/E の読取・転記不全で、Q文とE文はいずれもプレースホルダーまたはOCR要修正。問題文から自然に導ける正誤の最終判定は左欄原文の再転記後に再確認。 画像確認: 解答欄の○×表記は念のため再確認するが、主眼はQ/E文の再転記; 問題文左欄を原文どおりに再転記し、推測補完部分を除去; OCRで崩れた漢字・助詞・否定語・主語述語を原画像で確認; 問題文左欄・解説右欄を画像から直接転記し、要約文を置換. 参照: 0034 pageQ=172/pageA=173.,done,stale_gpt_review
KB2025-035-001,pending,危険類型: Q文逆推測補完 / OCR誤記. 不整合: answer_symbol=× 自体は画像右欄確認ベースで維持。現状の主問題は Q/E の読取・転記不全で、Q文とE文はいずれもプレースホルダーまたはOCR要修正。問題文から自然に導ける正誤の最終判定は左欄原文の再転記後に再確認。 画像確認: 解答欄の○×表記は念のため再確認するが、主眼はQ/E文の再転記; 問題文左欄を原文どおりに再転記し、推測補完部分を除去; OCRで崩れた漢字・助詞・否定語・主語述語を原画像で確認; 問題文左欄・解説右欄を画像から直接転記し、要約文を置換. 参照: 0035 pageQ=174/pageA=175.,done,stale_gpt_review
KB2025-035-002,pending,危険類型: Q文逆推測補完 / OCR誤記 / 数値要件不一致. 不整合: answer_symbol=○ 自体は画像右欄確認ベースで維持。現状の主問題は Q/E の読取・転記不全で、Q文とE文はいずれもプレースホルダーまたはOCR要修正。問題文から自然に導ける正誤の最終判定は左欄原文の再転記後に再確認。 画像確認: 解答欄の○×表記は念のため再確認するが、主眼はQ/E文の再転記; 問題文左欄を原文どおりに再転記し、推測補完部分を除去; OCRで崩れた漢字・助詞・否定語・主語述語を原画像で確認; 数値要件・多数決要件・期間（例: 過半数、3年、5年、日数）を確認; 問題文左欄・解説右欄を画像から直接転記し、要約文を置換. 参照: 0035 pageQ=174/pageA=175.,done,stale_gpt_review
KB2025-035-003,pending,危険類型: Q文逆推測補完 / OCR誤記. 不整合: answer_symbol=× 自体は画像右欄確認ベースで維持。現状の主問題は Q/E の読取・転記不全で、Q文とE文はいずれもプレースホルダーまたはOCR要修正。問題文から自然に導ける正誤の最終判定は左欄原文の再転記後に再確認。 画像確認: 解答欄の○×表記は念のため再確認するが、主眼はQ/E文の再転記; 問題文左欄を原文どおりに再転記し、推測補完部分を除去; OCRで崩れた漢字・助詞・否定語・主語述語を原画像で確認; 問題文左欄・解説右欄を画像から直接転記し、要約文を置換. 参照: 0035 pageQ=174/pageA=175.,done,stale_gpt_review
KB2025-035-004,pending,危険類型: Q文逆推測補完 / OCR誤記 / 数値要件不一致. 不整合: answer_symbol=× 自体は画像右欄確認ベースで維持。現状の主問題は Q/E の読取・転記不全で、Q文とE文はいずれもプレースホルダーまたはOCR要修正。問題文から自然に導ける正誤の最終判定は左欄原文の再転記後に再確認。 画像確認: 解答欄の○×表記は念のため再確認するが、主眼はQ/E文の再転記; 問題文左欄を原文どおりに再転記し、推測補完部分を除去; OCRで崩れた漢字・助詞・否定語・主語述語を原画像で確認; 数値要件・多数決要件・期間（例: 過半数、3年、5年、日数）を確認; 問題文左欄・解説右欄を画像から直接転記し、要約文を置換. 参照: 0035 pageQ=174/pageA=175.,done,stale_gpt_review
KB2025-035-005,pending,危険類型: Q文逆推測補完 / OCR誤記. 不整合: answer_symbol=× 自体は画像右欄確認ベースで維持。現状の主問題は Q/E の読取・転記不全で、Q文とE文はいずれもプレースホルダーまたはOCR要修正。問題文から自然に導ける正誤の最終判定は左欄原文の再転記後に再確認。 画像確認: 解答欄の○×表記は念のため再確認するが、主眼はQ/E文の再転記; 問題文左欄を原文どおりに再転記し、推測補完部分を除去; OCRで崩れた漢字・助詞・否定語・主語述語を原画像で確認; 問題文左欄・解説右欄を画像から直接転記し、要約文を置換. 参照: 0035 pageQ=174/pageA=175.,done,stale_gpt_review
KB2025-035-006,pending,危険類型: Q文逆推測補完 / OCR誤記. 不整合: answer_symbol=× 自体は画像右欄確認ベースで維持。現状の主問題は Q/E の読取・転記不全で、Q文とE文はいずれもプレースホルダーまたはOCR要修正。問題文から自然に導ける正誤の最終判定は左欄原文の再転記後に再確認。 画像確認: 解答欄の○×表記は念のため再確認するが、主眼はQ/E文の再転記; 問題文左欄を原文どおりに再転記し、推測補完部分を除去; OCRで崩れた漢字・助詞・否定語・主語述語を原画像で確認; 問題文左欄・解説右欄を画像から直接転記し、要約文を置換. 参照: 0035 pageQ=174/pageA=175.,done,stale_gpt_review
KB2025-036-001,pending,危険類型: Q文逆推測補完 / OCR誤記. 不整合: answer_symbol=○ 自体は画像右欄確認ベースで維持。現状の主問題は Q/E の読取・転記不全で、Q文とE文はいずれもプレースホルダーまたはOCR要修正。問題文から自然に導ける正誤の最終判定は左欄原文の再転記後に再確認。 画像確認: 解答欄の○×表記は念のため再確認するが、主眼はQ/E文の再転記; 問題文左欄を原文どおりに再転記し、推測補完部分を除去; OCRで崩れた漢字・助詞・否定語・主語述語を原画像で確認; 問題文左欄・解説右欄を画像から直接転記し、要約文を置換. 参照: 0036 pageQ=176/pageA=177.,done,stale_gpt_review
KB2025-036-002,pending,危険類型: Q文逆推測補完 / OCR誤記. 不整合: answer_symbol=× 自体は画像右欄確認ベースで維持。現状の主問題は Q/E の読取・転記不全で、Q文とE文はいずれもプレースホルダーまたはOCR要修正。問題文から自然に導ける正誤の最終判定は左欄原文の再転記後に再確認。 画像確認: 解答欄の○×表記は念のため再確認するが、主眼はQ/E文の再転記; 問題文左欄を原文どおりに再転記し、推測補完部分を除去; OCRで崩れた漢字・助詞・否定語・主語述語を原画像で確認; 問題文左欄・解説右欄を画像から直接転記し、要約文を置換. 参照: 0036 pageQ=176/pageA=177.,done,stale_gpt_review
KB2025-036-003,pending,危険類型: Q文逆推測補完 / OCR誤記 / 数値要件不一致. 不整合: answer_symbol=○ 自体は画像右欄確認ベースで維持。現状の主問題は Q/E の読取・転記不全で、Q文とE文はいずれもプレースホルダーまたはOCR要修正。問題文から自然に導ける正誤の最終判定は左欄原文の再転記後に再確認。 画像確認: 解答欄の○×表記は念のため再確認するが、主眼はQ/E文の再転記; 問題文左欄を原文どおりに再転記し、推測補完部分を除去; OCRで崩れた漢字・助詞・否定語・主語述語を原画像で確認; 数値要件・多数決要件・期間（例: 過半数、3年、5年、日数）を確認; 問題文左欄・解説右欄を画像から直接転記し、要約文を置換. 参照: 0036 pageQ=176/pageA=177.,done,stale_gpt_review
KB2025-036-004,pending,危険類型: Q文逆推測補完 / OCR誤記. 不整合: answer_symbol=× 自体は画像右欄確認ベースで維持。現状の主問題は Q/E の読取・転記不全で、Q文とE文はいずれもプレースホルダーまたはOCR要修正。問題文から自然に導ける正誤の最終判定は左欄原文の再転記後に再確認。 画像確認: 解答欄の○×表記は念のため再確認するが、主眼はQ/E文の再転記; 問題文左欄を原文どおりに再転記し、推測補完部分を除去; OCRで崩れた漢字・助詞・否定語・主語述語を原画像で確認; 問題文左欄・解説右欄を画像から直接転記し、要約文を置換. 参照: 0036 pageQ=176/pageA=177.,done,stale_gpt_review
KB2025-036-005,pending,危険類型: Q文逆推測補完 / OCR誤記. 不整合: answer_symbol=× 自体は画像右欄確認ベースで維持。現状の主問題は Q/E の読取・転記不全で、Q文とE文はいずれもプレースホルダーまたはOCR要修正。問題文から自然に導ける正誤の最終判定は左欄原文の再転記後に再確認。 画像確認: 解答欄の○×表記は念のため再確認するが、主眼はQ/E文の再転記; 問題文左欄を原文どおりに再転記し、推測補完部分を除去; OCRで崩れた漢字・助詞・否定語・主語述語を原画像で確認; 問題文左欄・解説右欄を画像から直接転記し、要約文を置換. 参照: 0036 pageQ=176/pageA=177.,done,stale_gpt_review
KB2025-037-001,pending,危険類型: Q文逆推測補完 / OCR誤記. 不整合: answer_symbol=× 自体は画像右欄確認ベースで維持。現状の主問題は Q/E の読取・転記不全で、Q文とE文はいずれもプレースホルダーまたはOCR要修正。問題文から自然に導ける正誤の最終判定は左欄原文の再転記後に再確認。 画像確認: 解答欄の○×表記は念のため再確認するが、主眼はQ/E文の再転記; 問題文左欄を原文どおりに再転記し、推測補完部分を除去; OCRで崩れた漢字・助詞・否定語・主語述語を原画像で確認; 問題文左欄・解説右欄を画像から直接転記し、要約文を置換. 参照: 0037 pageQ=178/pageA=179.,done,stale_gpt_review
KB2025-037-002,pending,危険類型: Q文逆推測補完 / OCR誤記. 不整合: answer_symbol=○ 自体は画像右欄確認ベースで維持。現状の主問題は Q/E の読取・転記不全で、Q文とE文はいずれもプレースホルダーまたはOCR要修正。問題文から自然に導ける正誤の最終判定は左欄原文の再転記後に再確認。 画像確認: 解答欄の○×表記は念のため再確認するが、主眼はQ/E文の再転記; 問題文左欄を原文どおりに再転記し、推測補完部分を除去; OCRで崩れた漢字・助詞・否定語・主語述語を原画像で確認; 問題文左欄・解説右欄を画像から直接転記し、要約文を置換. 参照: 0037 pageQ=178/pageA=179.,done,stale_gpt_review
KB2025-037-003,pending,危険類型: Q文逆推測補完 / OCR誤記. 不整合: answer_symbol=× 自体は画像右欄確認ベースで維持。現状の主問題は Q/E の読取・転記不全で、Q文とE文はいずれもプレースホルダーまたはOCR要修正。問題文から自然に導ける正誤の最終判定は左欄原文の再転記後に再確認。 画像確認: 解答欄の○×表記は念のため再確認するが、主眼はQ/E文の再転記; 問題文左欄を原文どおりに再転記し、推測補完部分を除去; OCRで崩れた漢字・助詞・否定語・主語述語を原画像で確認; 問題文左欄・解説右欄を画像から直接転記し、要約文を置換. 参照: 0037 pageQ=178/pageA=179.,done,stale_gpt_review
KB2025-037-004,pending,危険類型: Q文逆推測補完 / OCR誤記. 不整合: answer_symbol=× 自体は画像右欄確認ベースで維持。現状の主問題は Q/E の読取・転記不全で、Q文とE文はいずれもプレースホルダーまたはOCR要修正。問題文から自然に導ける正誤の最終判定は左欄原文の再転記後に再確認。 画像確認: 解答欄の○×表記は念のため再確認するが、主眼はQ/E文の再転記; 問題文左欄を原文どおりに再転記し、推測補完部分を除去; OCRで崩れた漢字・助詞・否定語・主語述語を原画像で確認; 問題文左欄・解説右欄を画像から直接転記し、要約文を置換. 参照: 0037 pageQ=178/pageA=179.,done,stale_gpt_review
KB2025-037-005,pending,危険類型: Q文逆推測補完 / OCR誤記. 不整合: answer_symbol=× 自体は画像右欄確認ベースで維持。現状の主問題は Q/E の読取・転記不全で、Q文とE文はいずれもプレースホルダーまたはOCR要修正。問題文から自然に導ける正誤の最終判定は左欄原文の再転記後に再確認。 画像確認: 解答欄の○×表記は念のため再確認するが、主眼はQ/E文の再転記; 問題文左欄を原文どおりに再転記し、推測補完部分を除去; OCRで崩れた漢字・助詞・否定語・主語述語を原画像で確認; 問題文左欄・解説右欄を画像から直接転記し、要約文を置換. 参照: 0037 pageQ=178/pageA=179.,done,stale_gpt_review
KB2025-037-006,pending,危険類型: Q文逆推測補完 / OCR誤記. 不整合: answer_symbol=× 自体は画像右欄確認ベースで維持。現状の主問題は Q/E の読取・転記不全で、Q文とE文はいずれもプレースホルダーまたはOCR要修正。問題文から自然に導ける正誤の最終判定は左欄原文の再転記後に再確認。 画像確認: 解答欄の○×表記は念のため再確認するが、主眼はQ/E文の再転記; 問題文左欄を原文どおりに再転記し、推測補完部分を除去; OCRで崩れた漢字・助詞・否定語・主語述語を原画像で確認; 問題文左欄・解説右欄を画像から直接転記し、要約文を置換. 参照: 0037 pageQ=178/pageA=179.,done,stale_gpt_review
KB2025-038-001,pending,危険類型: Q文逆推測補完 / OCR誤記. 不整合: answer_symbol=× 自体は画像右欄確認ベースで維持。現状の主問題は Q/E の読取・転記不全で、Q文とE文はいずれもプレースホルダーまたはOCR要修正。問題文から自然に導ける正誤の最終判定は左欄原文の再転記後に再確認。 画像確認: 解答欄の○×表記は念のため再確認するが、主眼はQ/E文の再転記; 問題文左欄を原文どおりに再転記し、推測補完部分を除去; OCRで崩れた漢字・助詞・否定語・主語述語を原画像で確認; 問題文左欄・解説右欄を画像から直接転記し、要約文を置換. 参照: 0038 pageQ=180/pageA=181.,done,stale_gpt_review
KB2025-038-002,pending,危険類型: Q文逆推測補完 / OCR誤記. 不整合: answer_symbol=× 自体は画像右欄確認ベースで維持。現状の主問題は Q/E の読取・転記不全で、Q文とE文はいずれもプレースホルダーまたはOCR要修正。問題文から自然に導ける正誤の最終判定は左欄原文の再転記後に再確認。 画像確認: 解答欄の○×表記は念のため再確認するが、主眼はQ/E文の再転記; 問題文左欄を原文どおりに再転記し、推測補完部分を除去; OCRで崩れた漢字・助詞・否定語・主語述語を原画像で確認; 問題文左欄・解説右欄を画像から直接転記し、要約文を置換. 参照: 0038 pageQ=180/pageA=181.,done,stale_gpt_review
KB2025-038-003,pending,危険類型: Q文逆推測補完 / OCR誤記. 不整合: answer_symbol=× 自体は画像右欄確認ベースで維持。現状の主問題は Q/E の読取・転記不全で、Q文とE文はいずれもプレースホルダーまたはOCR要修正。問題文から自然に導ける正誤の最終判定は左欄原文の再転記後に再確認。 画像確認: 解答欄の○×表記は念のため再確認するが、主眼はQ/E文の再転記; 問題文左欄を原文どおりに再転記し、推測補完部分を除去; OCRで崩れた漢字・助詞・否定語・主語述語を原画像で確認; 問題文左欄・解説右欄を画像から直接転記し、要約文を置換. 参照: 0038 pageQ=180/pageA=181.,done,stale_gpt_review
KB2025-038-004,pending,危険類型: Q文逆推測補完 / OCR誤記. 不整合: answer_symbol=○ 自体は画像右欄確認ベースで維持。現状の主問題は Q/E の読取・転記不全で、Q文とE文はいずれもプレースホルダーまたはOCR要修正。問題文から自然に導ける正誤の最終判定は左欄原文の再転記後に再確認。 画像確認: 解答欄の○×表記は念のため再確認するが、主眼はQ/E文の再転記; 問題文左欄を原文どおりに再転記し、推測補完部分を除去; OCRで崩れた漢字・助詞・否定語・主語述語を原画像で確認; 問題文左欄・解説右欄を画像から直接転記し、要約文を置換. 参照: 0038 pageQ=180/pageA=181.,done,stale_gpt_review
KB2025-038-005,pending,危険類型: Q文逆推測補完 / OCR誤記. 不整合: answer_symbol=○ 自体は画像右欄確認ベースで維持。現状の主問題は Q/E の読取・転記不全で、Q文とE文はいずれもプレースホルダーまたはOCR要修正。問題文から自然に導ける正誤の最終判定は左欄原文の再転記後に再確認。 画像確認: 解答欄の○×表記は念のため再確認するが、主眼はQ/E文の再転記; 問題文左欄を原文どおりに再転記し、推測補完部分を除去; OCRで崩れた漢字・助詞・否定語・主語述語を原画像で確認; 問題文左欄・解説右欄を画像から直接転記し、要約文を置換. 参照: 0038 pageQ=180/pageA=181.,done,stale_gpt_review
KB2025-038-006,pending,危険類型: Q文逆推測補完 / OCR誤記. 不整合: answer_symbol=× 自体は画像右欄確認ベースで維持。現状の主問題は Q/E の読取・転記不全で、Q文とE文はいずれもプレースホルダーまたはOCR要修正。問題文から自然に導ける正誤の最終判定は左欄原文の再転記後に再確認。 画像確認: 解答欄の○×表記は念のため再確認するが、主眼はQ/E文の再転記; 問題文左欄を原文どおりに再転記し、推測補完部分を除去; OCRで崩れた漢字・助詞・否定語・主語述語を原画像で確認; 問題文左欄・解説右欄を画像から直接転記し、要約文を置換. 参照: 0038 pageQ=180/pageA=181.,done,stale_gpt_review
KB2025-039-001,pending,危険類型: Q文逆推測補完 / OCR誤記. 不整合: answer_symbol=× 自体は画像右欄確認ベースで維持。現状の主問題は Q/E の読取・転記不全で、Q文とE文はいずれもプレースホルダーまたはOCR要修正。問題文から自然に導ける正誤の最終判定は左欄原文の再転記後に再確認。 画像確認: 解答欄の○×表記は念のため再確認するが、主眼はQ/E文の再転記; 問題文左欄を原文どおりに再転記し、推測補完部分を除去; OCRで崩れた漢字・助詞・否定語・主語述語を原画像で確認; 問題文左欄・解説右欄を画像から直接転記し、要約文を置換. 参照: 0039 pageQ=182/pageA=183.,done,stale_gpt_review
KB2025-039-002,pending,危険類型: Q文逆推測補完 / OCR誤記. 不整合: answer_symbol=○ 自体は画像右欄確認ベースで維持。現状の主問題は Q/E の読取・転記不全で、Q文とE文はいずれもプレースホルダーまたはOCR要修正。問題文から自然に導ける正誤の最終判定は左欄原文の再転記後に再確認。 画像確認: 解答欄の○×表記は念のため再確認するが、主眼はQ/E文の再転記; 問題文左欄を原文どおりに再転記し、推測補完部分を除去; OCRで崩れた漢字・助詞・否定語・主語述語を原画像で確認; 問題文左欄・解説右欄を画像から直接転記し、要約文を置換. 参照: 0039 pageQ=182/pageA=183.,done,stale_gpt_review
KB2025-039-003,pending,危険類型: Q文逆推測補完 / OCR誤記. 不整合: answer_symbol=× 自体は画像右欄確認ベースで維持。現状の主問題は Q/E の読取・転記不全で、Q文とE文はいずれもプレースホルダーまたはOCR要修正。問題文から自然に導ける正誤の最終判定は左欄原文の再転記後に再確認。 画像確認: 解答欄の○×表記は念のため再確認するが、主眼はQ/E文の再転記; 問題文左欄を原文どおりに再転記し、推測補完部分を除去; OCRで崩れた漢字・助詞・否定語・主語述語を原画像で確認; 問題文左欄・解説右欄を画像から直接転記し、要約文を置換. 参照: 0039 pageQ=182/pageA=183.,done,stale_gpt_review
KB2025-039-004,pending,危険類型: Q文逆推測補完 / OCR誤記. 不整合: answer_symbol=× 自体は画像右欄確認ベースで維持。現状の主問題は Q/E の読取・転記不全で、Q文とE文はいずれもプレースホルダーまたはOCR要修正。問題文から自然に導ける正誤の最終判定は左欄原文の再転記後に再確認。 画像確認: 解答欄の○×表記は念のため再確認するが、主眼はQ/E文の再転記; 問題文左欄を原文どおりに再転記し、推測補完部分を除去; OCRで崩れた漢字・助詞・否定語・主語述語を原画像で確認; 問題文左欄・解説右欄を画像から直接転記し、要約文を置換. 参照: 0039 pageQ=182/pageA=183.,done,stale_gpt_review
KB2025-039-005,pending,危険類型: Q文逆推測補完 / OCR誤記. 不整合: answer_symbol=× 自体は画像右欄確認ベースで維持。現状の主問題は Q/E の読取・転記不全で、Q文とE文はいずれもプレースホルダーまたはOCR要修正。問題文から自然に導ける正誤の最終判定は左欄原文の再転記後に再確認。 画像確認: 解答欄の○×表記は念のため再確認するが、主眼はQ/E文の再転記; 問題文左欄を原文どおりに再転記し、推測補完部分を除去; OCRで崩れた漢字・助詞・否定語・主語述語を原画像で確認; 問題文左欄・解説右欄を画像から直接転記し、要約文を置換. 参照: 0039 pageQ=182/pageA=183.,done,stale_gpt_review
KB2025-039-006,pending,危険類型: Q文逆推測補完 / OCR誤記. 不整合: answer_symbol=× 自体は画像右欄確認ベースで維持。現状の主問題は Q/E の読取・転記不全で、Q文とE文はいずれもプレースホルダーまたはOCR要修正。問題文から自然に導ける正誤の最終判定は左欄原文の再転記後に再確認。 画像確認: 解答欄の○×表記は念のため再確認するが、主眼はQ/E文の再転記; 問題文左欄を原文どおりに再転記し、推測補完部分を除去; OCRで崩れた漢字・助詞・否定語・主語述語を原画像で確認; 問題文左欄・解説右欄を画像から直接転記し、要約文を置換. 参照: 0039 pageQ=182/pageA=183.,done,stale_gpt_review
KB2025-040-001,pending,危険類型: Q文逆推測補完 / OCR誤記. 不整合: answer_symbol=× 自体は画像右欄確認ベースで維持。現状の主問題は Q/E の読取・転記不全で、Q文とE文はいずれもプレースホルダーまたはOCR要修正。問題文から自然に導ける正誤の最終判定は左欄原文の再転記後に再確認。 画像確認: 解答欄の○×表記は念のため再確認するが、主眼はQ/E文の再転記; 問題文左欄を原文どおりに再転記し、推測補完部分を除去; OCRで崩れた漢字・助詞・否定語・主語述語を原画像で確認; 問題文左欄・解説右欄を画像から直接転記し、要約文を置換. 参照: 0040 pageQ=184/pageA=185.,done,stale_gpt_review
KB2025-040-002,pending,危険類型: Q文逆推測補完 / OCR誤記. 不整合: answer_symbol=○ 自体は画像右欄確認ベースで維持。現状の主問題は Q/E の読取・転記不全で、Q文とE文はいずれもプレースホルダーまたはOCR要修正。問題文から自然に導ける正誤の最終判定は左欄原文の再転記後に再確認。 画像確認: 解答欄の○×表記は念のため再確認するが、主眼はQ/E文の再転記; 問題文左欄を原文どおりに再転記し、推測補完部分を除去; OCRで崩れた漢字・助詞・否定語・主語述語を原画像で確認; 問題文左欄・解説右欄を画像から直接転記し、要約文を置換. 参照: 0040 pageQ=184/pageA=185.,done,stale_gpt_review
KB2025-040-003,pending,危険類型: Q文逆推測補完 / OCR誤記. 不整合: answer_symbol=× 自体は画像右欄確認ベースで維持。現状の主問題は Q/E の読取・転記不全で、Q文とE文はいずれもプレースホルダーまたはOCR要修正。問題文から自然に導ける正誤の最終判定は左欄原文の再転記後に再確認。 画像確認: 解答欄の○×表記は念のため再確認するが、主眼はQ/E文の再転記; 問題文左欄を原文どおりに再転記し、推測補完部分を除去; OCRで崩れた漢字・助詞・否定語・主語述語を原画像で確認; 問題文左欄・解説右欄を画像から直接転記し、要約文を置換. 参照: 0040 pageQ=184/pageA=185.,done,stale_gpt_review
KB2025-040-004,pending,危険類型: Q文逆推測補完 / OCR誤記. 不整合: answer_symbol=× 自体は画像右欄確認ベースで維持。現状の主問題は Q/E の読取・転記不全で、Q文とE文はいずれもプレースホルダーまたはOCR要修正。問題文から自然に導ける正誤の最終判定は左欄原文の再転記後に再確認。 画像確認: 解答欄の○×表記は念のため再確認するが、主眼はQ/E文の再転記; 問題文左欄を原文どおりに再転記し、推測補完部分を除去; OCRで崩れた漢字・助詞・否定語・主語述語を原画像で確認; 問題文左欄・解説右欄を画像から直接転記し、要約文を置換. 参照: 0040 pageQ=184/pageA=185.,done,stale_gpt_review
KB2025-040-005,pending,危険類型: Q文逆推測補完 / OCR誤記. 不整合: answer_symbol=× 自体は画像右欄確認ベースで維持。現状の主問題は Q/E の読取・転記不全で、Q文とE文はいずれもプレースホルダーまたはOCR要修正。問題文から自然に導ける正誤の最終判定は左欄原文の再転記後に再確認。 画像確認: 解答欄の○×表記は念のため再確認するが、主眼はQ/E文の再転記; 問題文左欄を原文どおりに再転記し、推測補完部分を除去; OCRで崩れた漢字・助詞・否定語・主語述語を原画像で確認; 問題文左欄・解説右欄を画像から直接転記し、要約文を置換. 参照: 0040 pageQ=184/pageA=185.,done,stale_gpt_review
KB2025-040-006,pending,危険類型: Q文逆推測補完 / OCR誤記. 不整合: answer_symbol=× 自体は画像右欄確認ベースで維持。現状の主問題は Q/E の読取・転記不全で、Q文とE文はいずれもプレースホルダーまたはOCR要修正。問題文から自然に導ける正誤の最終判定は左欄原文の再転記後に再確認。 画像確認: 解答欄の○×表記は念のため再確認するが、主眼はQ/E文の再転記; 問題文左欄を原文どおりに再転記し、推測補完部分を除去; OCRで崩れた漢字・助詞・否定語・主語述語を原画像で確認; 問題文左欄・解説右欄を画像から直接転記し、要約文を置換. 参照: 0040 pageQ=184/pageA=185.,done,stale_gpt_review
KB2025-041-001,pending,危険類型: Q文逆推測補完 / OCR誤記. 不整合: answer_symbol=× 自体は画像右欄確認ベースで維持。現状の主問題は Q/E の読取・転記不全で、Q文とE文はいずれもプレースホルダーまたはOCR要修正。問題文から自然に導ける正誤の最終判定は左欄原文の再転記後に再確認。 画像確認: 解答欄の○×表記は念のため再確認するが、主眼はQ/E文の再転記; 問題文左欄を原文どおりに再転記し、推測補完部分を除去; OCRで崩れた漢字・助詞・否定語・主語述語を原画像で確認; 問題文左欄・解説右欄を画像から直接転記し、要約文を置換. 参照: 0041 pageQ=186/pageA=187.,done,stale_gpt_review
KB2025-041-002,pending,危険類型: Q文逆推測補完 / OCR誤記. 不整合: answer_symbol=○ 自体は画像右欄確認ベースで維持。現状の主問題は Q/E の読取・転記不全で、Q文とE文はいずれもプレースホルダーまたはOCR要修正。問題文から自然に導ける正誤の最終判定は左欄原文の再転記後に再確認。 画像確認: 解答欄の○×表記は念のため再確認するが、主眼はQ/E文の再転記; 問題文左欄を原文どおりに再転記し、推測補完部分を除去; OCRで崩れた漢字・助詞・否定語・主語述語を原画像で確認; 問題文左欄・解説右欄を画像から直接転記し、要約文を置換. 参照: 0041 pageQ=186/pageA=187.,done,stale_gpt_review
KB2025-041-003,pending,危険類型: Q文逆推測補完 / OCR誤記. 不整合: answer_symbol=× 自体は画像右欄確認ベースで維持。現状の主問題は Q/E の読取・転記不全で、Q文とE文はいずれもプレースホルダーまたはOCR要修正。問題文から自然に導ける正誤の最終判定は左欄原文の再転記後に再確認。 画像確認: 解答欄の○×表記は念のため再確認するが、主眼はQ/E文の再転記; 問題文左欄を原文どおりに再転記し、推測補完部分を除去; OCRで崩れた漢字・助詞・否定語・主語述語を原画像で確認; 問題文左欄・解説右欄を画像から直接転記し、要約文を置換. 参照: 0041 pageQ=186/pageA=187.,done,stale_gpt_review
KB2025-041-004,pending,危険類型: Q文逆推測補完 / OCR誤記. 不整合: answer_symbol=× 自体は画像右欄確認ベースで維持。現状の主問題は Q/E の読取・転記不全で、Q文とE文はいずれもプレースホルダーまたはOCR要修正。問題文から自然に導ける正誤の最終判定は左欄原文の再転記後に再確認。 画像確認: 解答欄の○×表記は念のため再確認するが、主眼はQ/E文の再転記; 問題文左欄を原文どおりに再転記し、推測補完部分を除去; OCRで崩れた漢字・助詞・否定語・主語述語を原画像で確認; 問題文左欄・解説右欄を画像から直接転記し、要約文を置換. 参照: 0041 pageQ=186/pageA=187.,done,stale_gpt_review
KB2025-041-005,pending,危険類型: Q文逆推測補完 / OCR誤記. 不整合: answer_symbol=○ 自体は画像右欄確認ベースで維持。現状の主問題は Q/E の読取・転記不全で、Q文とE文はいずれもプレースホルダーまたはOCR要修正。問題文から自然に導ける正誤の最終判定は左欄原文の再転記後に再確認。 画像確認: 解答欄の○×表記は念のため再確認するが、主眼はQ/E文の再転記; 問題文左欄を原文どおりに再転記し、推測補完部分を除去; OCRで崩れた漢字・助詞・否定語・主語述語を原画像で確認; 問題文左欄・解説右欄を画像から直接転記し、要約文を置換. 参照: 0041 pageQ=186/pageA=187.,done,stale_gpt_review
KB2025-041-006,pending,危険類型: Q文逆推測補完 / OCR誤記. 不整合: answer_symbol=○ 自体は画像右欄確認ベースで維持。現状の主問題は Q/E の読取・転記不全で、Q文とE文はいずれもプレースホルダーまたはOCR要修正。問題文から自然に導ける正誤の最終判定は左欄原文の再転記後に再確認。 画像確認: 解答欄の○×表記は念のため再確認するが、主眼はQ/E文の再転記; 問題文左欄を原文どおりに再転記し、推測補完部分を除去; OCRで崩れた漢字・助詞・否定語・主語述語を原画像で確認; 問題文左欄・解説右欄を画像から直接転記し、要約文を置換. 参照: 0041 pageQ=186/pageA=187.,done,stale_gpt_review
KB2025-041-007,pending,危険類型: Q文逆推測補完 / OCR誤記. 不整合: answer_symbol=× 自体は画像右欄確認ベースで維持。現状の主問題は Q/E の読取・転記不全で、Q文とE文はいずれもプレースホルダーまたはOCR要修正。問題文から自然に導ける正誤の最終判定は左欄原文の再転記後に再確認。 画像確認: 解答欄の○×表記は念のため再確認するが、主眼はQ/E文の再転記; 問題文左欄を原文どおりに再転記し、推測補完部分を除去; OCRで崩れた漢字・助詞・否定語・主語述語を原画像で確認; 問題文左欄・解説右欄を画像から直接転記し、要約文を置換. 参照: 0041 pageQ=186/pageA=187.,done,stale_gpt_review
KB2025-042-001,pending,危険類型: Q文逆推測補完 / OCR誤記 / 限定語欠落. 不整合: answer_symbol=× 自体は画像右欄確認ベースで維持。現状の主問題は Q/E の読取・転記不全で、Q文とE文はいずれもプレースホルダーまたはOCR要修正。問題文から自然に導ける正誤の最終判定は左欄原文の再転記後に再確認。 画像確認: 解答欄の○×表記は念のため再確認するが、主眼はQ/E文の再転記; 問題文左欄を原文どおりに再転記し、推測補完部分を除去; OCRで崩れた漢字・助詞・否定語・主語述語を原画像で確認; 限定語（必ず／直ちに／あらかじめ／原則として／ただし／一律に 等）の有無を確認; 問題文左欄・解説右欄を画像から直接転記し、要約文を置換. 参照: 0042 pageQ=188/pageA=189.,done,stale_gpt_review
KB2025-042-002,pending,危険類型: Q文逆推測補完 / OCR誤記. 不整合: answer_symbol=× 自体は画像右欄確認ベースで維持。現状の主問題は Q/E の読取・転記不全で、Q文とE文はいずれもプレースホルダーまたはOCR要修正。問題文から自然に導ける正誤の最終判定は左欄原文の再転記後に再確認。 画像確認: 解答欄の○×表記は念のため再確認するが、主眼はQ/E文の再転記; 問題文左欄を原文どおりに再転記し、推測補完部分を除去; OCRで崩れた漢字・助詞・否定語・主語述語を原画像で確認; 問題文左欄・解説右欄を画像から直接転記し、要約文を置換. 参照: 0042 pageQ=188/pageA=189.,done,stale_gpt_review
KB2025-042-004,pending,危険類型: Q文逆推測補完 / OCR誤記. 不整合: answer_symbol=○ 自体は画像右欄確認ベースで維持。現状の主問題は Q/E の読取・転記不全で、Q文とE文はいずれもプレースホルダーまたはOCR要修正。問題文から自然に導ける正誤の最終判定は左欄原文の再転記後に再確認。 画像確認: 解答欄の○×表記は念のため再確認するが、主眼はQ/E文の再転記; 問題文左欄を原文どおりに再転記し、推測補完部分を除去; OCRで崩れた漢字・助詞・否定語・主語述語を原画像で確認; 問題文左欄・解説右欄を画像から直接転記し、要約文を置換. 参照: 0042 pageQ=188/pageA=189.,done,stale_gpt_review
KB2025-042-005,pending,危険類型: Q文逆推測補完 / OCR誤記 / 限定語欠落. 不整合: answer_symbol=× 自体は画像右欄確認ベースで維持。現状の主問題は Q/E の読取・転記不全で、Q文とE文はいずれもプレースホルダーまたはOCR要修正。問題文から自然に導ける正誤の最終判定は左欄原文の再転記後に再確認。 画像確認: 解答欄の○×表記は念のため再確認するが、主眼はQ/E文の再転記; 問題文左欄を原文どおりに再転記し、推測補完部分を除去; OCRで崩れた漢字・助詞・否定語・主語述語を原画像で確認; 限定語（必ず／直ちに／あらかじめ／原則として／ただし／一律に 等）の有無を確認; 問題文左欄・解説右欄を画像から直接転記し、要約文を置換. 参照: 0042 pageQ=188/pageA=189.,done,stale_gpt_review
KB2025-042-006,pending,危険類型: Q文逆推測補完 / OCR誤記. 不整合: answer_symbol=○ 自体は画像右欄確認ベースで維持。現状の主問題は Q/E の読取・転記不全で、Q文とE文はいずれもプレースホルダーまたはOCR要修正。問題文から自然に導ける正誤の最終判定は左欄原文の再転記後に再確認。 画像確認: 解答欄の○×表記は念のため再確認するが、主眼はQ/E文の再転記; 問題文左欄を原文どおりに再転記し、推測補完部分を除去; OCRで崩れた漢字・助詞・否定語・主語述語を原画像で確認; 問題文左欄・解説右欄を画像から直接転記し、要約文を置換. 参照: 0042 pageQ=188/pageA=189.,done,stale_gpt_review
KB2025-043-002,pending,危険類型: Q文逆推測補完 / OCR誤記. 不整合: answer_symbol=× 自体は画像右欄確認ベースで維持。現状の主問題は Q/E の読取・転記不全で、Q文とE文はいずれもプレースホルダーまたはOCR要修正。問題文から自然に導ける正誤の最終判定は左欄原文の再転記後に再確認。 画像確認: 解答欄の○×表記は念のため再確認するが、主眼はQ/E文の再転記; 問題文左欄を原文どおりに再転記し、推測補完部分を除去; OCRで崩れた漢字・助詞・否定語・主語述語を原画像で確認; 問題文左欄・解説右欄を画像から直接転記し、要約文を置換. 参照: 0043 pageQ=190/pageA=191.,done,stale_gpt_review
KB2025-043-003,pending,危険類型: Q文逆推測補完 / OCR誤記. 不整合: answer_symbol=× 自体は画像右欄確認ベースで維持。現状の主問題は Q/E の読取・転記不全で、Q文とE文はいずれもプレースホルダーまたはOCR要修正。問題文から自然に導ける正誤の最終判定は左欄原文の再転記後に再確認。 画像確認: 解答欄の○×表記は念のため再確認するが、主眼はQ/E文の再転記; 問題文左欄を原文どおりに再転記し、推測補完部分を除去; OCRで崩れた漢字・助詞・否定語・主語述語を原画像で確認; 問題文左欄・解説右欄を画像から直接転記し、要約文を置換. 参照: 0043 pageQ=190/pageA=191.,done,stale_gpt_review
KB2025-043-004,pending,危険類型: Q文逆推測補完 / OCR誤記. 不整合: answer_symbol=× 自体は画像右欄確認ベースで維持。現状の主問題は Q/E の読取・転記不全で、Q文とE文はいずれもプレースホルダーまたはOCR要修正。問題文から自然に導ける正誤の最終判定は左欄原文の再転記後に再確認。 画像確認: 解答欄の○×表記は念のため再確認するが、主眼はQ/E文の再転記; 問題文左欄を原文どおりに再転記し、推測補完部分を除去; OCRで崩れた漢字・助詞・否定語・主語述語を原画像で確認; 問題文左欄・解説右欄を画像から直接転記し、要約文を置換. 参照: 0043 pageQ=190/pageA=191.,done,stale_gpt_review
KB2025-043-005,pending,危険類型: Q文逆推測補完 / OCR誤記. 不整合: answer_symbol=× 自体は画像右欄確認ベースで維持。現状の主問題は Q/E の読取・転記不全で、Q文とE文はいずれもプレースホルダーまたはOCR要修正。問題文から自然に導ける正誤の最終判定は左欄原文の再転記後に再確認。 画像確認: 解答欄の○×表記は念のため再確認するが、主眼はQ/E文の再転記; 問題文左欄を原文どおりに再転記し、推測補完部分を除去; OCRで崩れた漢字・助詞・否定語・主語述語を原画像で確認; 問題文左欄・解説右欄を画像から直接転記し、要約文を置換. 参照: 0043 pageQ=190/pageA=191.,done,stale_gpt_review
KB2025-043-007,pending,危険類型: Q文逆推測補完 / OCR誤記. 不整合: answer_symbol=○ 自体は画像右欄確認ベースで維持。現状の主問題は Q/E の読取・転記不全で、Q文とE文はいずれもプレースホルダーまたはOCR要修正。問題文から自然に導ける正誤の最終判定は左欄原文の再転記後に再確認。 画像確認: 解答欄の○×表記は念のため再確認するが、主眼はQ/E文の再転記; 問題文左欄を原文どおりに再転記し、推測補完部分を除去; OCRで崩れた漢字・助詞・否定語・主語述語を原画像で確認; 問題文左欄・解説右欄を画像から直接転記し、要約文を置換. 参照: 0043 pageQ=190/pageA=191.,done,stale_gpt_review
KB2025-043-008,pending,危険類型: Q文逆推測補完 / OCR誤記. 不整合: answer_symbol=○ 自体は画像右欄確認ベースで維持。現状の主問題は Q/E の読取・転記不全で、Q文とE文はいずれもプレースホルダーまたはOCR要修正。問題文から自然に導ける正誤の最終判定は左欄原文の再転記後に再確認。 画像確認: 解答欄の○×表記は念のため再確認するが、主眼はQ/E文の再転記; 問題文左欄を原文どおりに再転記し、推測補完部分を除去; OCRで崩れた漢字・助詞・否定語・主語述語を原画像で確認; 問題文左欄・解説右欄を画像から直接転記し、要約文を置換. 参照: 0043 pageQ=190/pageA=191.,done,stale_gpt_review
KB2025-043-009,pending,危険類型: Q文逆推測補完 / OCR誤記. 不整合: answer_symbol=× 自体は画像右欄確認ベースで維持。現状の主問題は Q/E の読取・転記不全で、Q文とE文はいずれもプレースホルダーまたはOCR要修正。問題文から自然に導ける正誤の最終判定は左欄原文の再転記後に再確認。 画像確認: 解答欄の○×表記は念のため再確認するが、主眼はQ/E文の再転記; 問題文左欄を原文どおりに再転記し、推測補完部分を除去; OCRで崩れた漢字・助詞・否定語・主語述語を原画像で確認; 問題文左欄・解説右欄を画像から直接転記し、要約文を置換. 参照: 0043 pageQ=190/pageA=191.,done,stale_gpt_review
KB2025-044-001,pending,危険類型: Q文逆推測補完 / OCR誤記. 不整合: answer_symbol=× 自体は画像右欄確認ベースで維持。現状の主問題は Q/E の読取・転記不全で、Q文とE文はいずれもプレースホルダーまたはOCR要修正。問題文から自然に導ける正誤の最終判定は左欄原文の再転記後に再確認。 画像確認: 解答欄の○×表記は念のため再確認するが、主眼はQ/E文の再転記; 問題文左欄を原文どおりに再転記し、推測補完部分を除去; OCRで崩れた漢字・助詞・否定語・主語述語を原画像で確認; 問題文左欄・解説右欄を画像から直接転記し、要約文を置換. 参照: 0044 pageQ=192/pageA=193.,done,stale_gpt_review
KB2025-044-002,pending,危険類型: Q文逆推測補完 / OCR誤記. 不整合: answer_symbol=○ 自体は画像右欄確認ベースで維持。現状の主問題は Q/E の読取・転記不全で、Q文とE文はいずれもプレースホルダーまたはOCR要修正。問題文から自然に導ける正誤の最終判定は左欄原文の再転記後に再確認。 画像確認: 解答欄の○×表記は念のため再確認するが、主眼はQ/E文の再転記; 問題文左欄を原文どおりに再転記し、推測補完部分を除去; OCRで崩れた漢字・助詞・否定語・主語述語を原画像で確認; 問題文左欄・解説右欄を画像から直接転記し、要約文を置換. 参照: 0044 pageQ=192/pageA=193.,done,stale_gpt_review
KB2025-044-003,pending,危険類型: Q文逆推測補完 / OCR誤記. 不整合: answer_symbol=× 自体は画像右欄確認ベースで維持。現状の主問題は Q/E の読取・転記不全で、Q文とE文はいずれもプレースホルダーまたはOCR要修正。問題文から自然に導ける正誤の最終判定は左欄原文の再転記後に再確認。 画像確認: 解答欄の○×表記は念のため再確認するが、主眼はQ/E文の再転記; 問題文左欄を原文どおりに再転記し、推測補完部分を除去; OCRで崩れた漢字・助詞・否定語・主語述語を原画像で確認; 問題文左欄・解説右欄を画像から直接転記し、要約文を置換. 参照: 0044 pageQ=192/pageA=193.,done,stale_gpt_review
KB2025-044-004,pending,危険類型: Q文逆推測補完 / OCR誤記 / 限定語欠落. 不整合: answer_symbol=○ 自体は画像右欄確認ベースで維持。現状の主問題は Q/E の読取・転記不全で、Q文とE文はいずれもプレースホルダーまたはOCR要修正。問題文から自然に導ける正誤の最終判定は左欄原文の再転記後に再確認。 画像確認: 解答欄の○×表記は念のため再確認するが、主眼はQ/E文の再転記; 問題文左欄を原文どおりに再転記し、推測補完部分を除去; OCRで崩れた漢字・助詞・否定語・主語述語を原画像で確認; 限定語（必ず／直ちに／あらかじめ／原則として／ただし／一律に 等）の有無を確認; 問題文左欄・解説右欄を画像から直接転記し、要約文を置換. 参照: 0044 pageQ=192/pageA=193.,done,stale_gpt_review
KB2025-044-005,pending,危険類型: Q文逆推測補完 / OCR誤記. 不整合: answer_symbol=× 自体は画像右欄確認ベースで維持。現状の主問題は Q/E の読取・転記不全で、Q文とE文はいずれもプレースホルダーまたはOCR要修正。問題文から自然に導ける正誤の最終判定は左欄原文の再転記後に再確認。 画像確認: 解答欄の○×表記は念のため再確認するが、主眼はQ/E文の再転記; 問題文左欄を原文どおりに再転記し、推測補完部分を除去; OCRで崩れた漢字・助詞・否定語・主語述語を原画像で確認; 問題文左欄・解説右欄を画像から直接転記し、要約文を置換. 参照: 0044 pageQ=192/pageA=193.,done,stale_gpt_review
KB2025-045-001,pending,危険類型: Q文逆推測補完 / OCR誤記. 不整合: answer_symbol=○ 自体は画像右欄確認ベースで維持。現状の主問題は Q/E の読取・転記不全で、Q文とE文はいずれもプレースホルダーまたはOCR要修正。問題文から自然に導ける正誤の最終判定は左欄原文の再転記後に再確認。 画像確認: 解答欄の○×表記は念のため再確認するが、主眼はQ/E文の再転記; 問題文左欄を原文どおりに再転記し、推測補完部分を除去; OCRで崩れた漢字・助詞・否定語・主語述語を原画像で確認; 問題文左欄・解説右欄を画像から直接転記し、要約文を置換. 参照: 0045 pageQ=194/pageA=195.,done,stale_gpt_review
KB2025-045-002,pending,危険類型: Q文逆推測補完 / OCR誤記. 不整合: answer_symbol=○ 自体は画像右欄確認ベースで維持。現状の主問題は Q/E の読取・転記不全で、Q文とE文はいずれもプレースホルダーまたはOCR要修正。問題文から自然に導ける正誤の最終判定は左欄原文の再転記後に再確認。 画像確認: 解答欄の○×表記は念のため再確認するが、主眼はQ/E文の再転記; 問題文左欄を原文どおりに再転記し、推測補完部分を除去; OCRで崩れた漢字・助詞・否定語・主語述語を原画像で確認; 問題文左欄・解説右欄を画像から直接転記し、要約文を置換. 参照: 0045 pageQ=194/pageA=195.,done,stale_gpt_review
KB2025-045-003,pending,危険類型: Q文逆推測補完 / OCR誤記. 不整合: answer_symbol=× 自体は画像右欄確認ベースで維持。現状の主問題は Q/E の読取・転記不全で、Q文とE文はいずれもプレースホルダーまたはOCR要修正。問題文から自然に導ける正誤の最終判定は左欄原文の再転記後に再確認。 画像確認: 解答欄の○×表記は念のため再確認するが、主眼はQ/E文の再転記; 問題文左欄を原文どおりに再転記し、推測補完部分を除去; OCRで崩れた漢字・助詞・否定語・主語述語を原画像で確認; 問題文に「ただし」等の留保や追加文がないか確認; 問題文左欄・解説右欄を画像から直接転記し、要約文を置換. 参照: 0045 pageQ=194/pageA=195.,done,stale_gpt_review
KB2025-045-004,pending,危険類型: Q文逆推測補完 / OCR誤記. 不整合: answer_symbol=○ 自体は画像右欄確認ベースで維持。現状の主問題は Q/E の読取・転記不全で、Q文とE文はいずれもプレースホルダーまたはOCR要修正。問題文から自然に導ける正誤の最終判定は左欄原文の再転記後に再確認。 画像確認: 解答欄の○×表記は念のため再確認するが、主眼はQ/E文の再転記; 問題文左欄を原文どおりに再転記し、推測補完部分を除去; OCRで崩れた漢字・助詞・否定語・主語述語を原画像で確認; 問題文左欄・解説右欄を画像から直接転記し、要約文を置換. 参照: 0045 pageQ=194/pageA=195.,done,stale_gpt_review
KB2025-045-005,pending,危険類型: Q文逆推測補完 / OCR誤記. 不整合: answer_symbol=○ 自体は画像右欄確認ベースで維持。現状の主問題は Q/E の読取・転記不全で、Q文とE文はいずれもプレースホルダーまたはOCR要修正。問題文から自然に導ける正誤の最終判定は左欄原文の再転記後に再確認。 画像確認: 解答欄の○×表記は念のため再確認するが、主眼はQ/E文の再転記; 問題文左欄を原文どおりに再転記し、推測補完部分を除去; OCRで崩れた漢字・助詞・否定語・主語述語を原画像で確認; 問題文左欄・解説右欄を画像から直接転記し、要約文を置換. 参照: 0045 pageQ=194/pageA=195.,done,stale_gpt_review
KB2025-046-001,pending,危険類型: Q文逆推測補完 / OCR誤記. 不整合: answer_symbol=○ 自体は画像右欄確認ベースで維持。現状の主問題は Q/E の読取・転記不全で、Q文とE文はいずれもプレースホルダーまたはOCR要修正。問題文から自然に導ける正誤の最終判定は左欄原文の再転記後に再確認。 画像確認: 解答欄の○×表記は念のため再確認するが、主眼はQ/E文の再転記; 問題文左欄を原文どおりに再転記し、推測補完部分を除去; OCRで崩れた漢字・助詞・否定語・主語述語を原画像で確認; 問題文左欄・解説右欄を画像から直接転記し、要約文を置換. 参照: 0046 pageQ=196/pageA=197.,done,stale_gpt_review
KB2025-046-002,pending,危険類型: Q文逆推測補完 / OCR誤記 / 数値要件不一致. 不整合: answer_symbol=× 自体は画像右欄確認ベースで維持。現状の主問題は Q/E の読取・転記不全で、Q文とE文はいずれもプレースホルダーまたはOCR要修正。問題文から自然に導ける正誤の最終判定は左欄原文の再転記後に再確認。 画像確認: 解答欄の○×表記は念のため再確認するが、主眼はQ/E文の再転記; 問題文左欄を原文どおりに再転記し、推測補完部分を除去; OCRで崩れた漢字・助詞・否定語・主語述語を原画像で確認; 数値要件・多数決要件・期間（例: 過半数、3年、5年、日数）を確認; 問題文左欄・解説右欄を画像から直接転記し、要約文を置換. 参照: 0046 pageQ=196/pageA=197.,done,stale_gpt_review
KB2025-046-003,pending,危険類型: Q文逆推測補完 / OCR誤記 / 限定語欠落. 不整合: answer_symbol=× 自体は画像右欄確認ベースで維持。現状の主問題は Q/E の読取・転記不全で、Q文とE文はいずれもプレースホルダーまたはOCR要修正。問題文から自然に導ける正誤の最終判定は左欄原文の再転記後に再確認。 画像確認: 解答欄の○×表記は念のため再確認するが、主眼はQ/E文の再転記; 問題文左欄を原文どおりに再転記し、推測補完部分を除去; OCRで崩れた漢字・助詞・否定語・主語述語を原画像で確認; 限定語（必ず／直ちに／あらかじめ／原則として／ただし／一律に 等）の有無を確認; 問題文左欄・解説右欄を画像から直接転記し、要約文を置換. 参照: 0046 pageQ=196/pageA=197.,done,stale_gpt_review
KB2025-046-004,pending,危険類型: Q文逆推測補完 / OCR誤記. 不整合: answer_symbol=× 自体は画像右欄確認ベースで維持。現状の主問題は Q/E の読取・転記不全で、Q文とE文はいずれもプレースホルダーまたはOCR要修正。問題文から自然に導ける正誤の最終判定は左欄原文の再転記後に再確認。 画像確認: 解答欄の○×表記は念のため再確認するが、主眼はQ/E文の再転記; 問題文左欄を原文どおりに再転記し、推測補完部分を除去; OCRで崩れた漢字・助詞・否定語・主語述語を原画像で確認; 問題文左欄・解説右欄を画像から直接転記し、要約文を置換. 参照: 0046 pageQ=196/pageA=197.,done,stale_gpt_review
KB2025-047-002,pending,危険類型: Q文逆推測補完 / OCR誤記. 不整合: answer_symbol=× 自体は画像右欄確認ベースで維持。現状の主問題は Q/E の読取・転記不全で、Q文とE文はいずれもプレースホルダーまたはOCR要修正。問題文から自然に導ける正誤の最終判定は左欄原文の再転記後に再確認。 画像確認: 解答欄の○×表記は念のため再確認するが、主眼はQ/E文の再転記; 問題文左欄を原文どおりに再転記し、推測補完部分を除去; OCRで崩れた漢字・助詞・否定語・主語述語を原画像で確認; 問題文左欄・解説右欄を画像から直接転記し、要約文を置換. 参照: 0047 pageQ=198/pageA=199.,done,stale_gpt_review
KB2025-047-004,pending,危険類型: Q文逆推測補完 / OCR誤記. 不整合: answer_symbol=○ 自体は画像右欄確認ベースで維持。現状の主問題は Q/E の読取・転記不全で、Q文とE文はいずれもプレースホルダーまたはOCR要修正。問題文から自然に導ける正誤の最終判定は左欄原文の再転記後に再確認。 画像確認: 解答欄の○×表記は念のため再確認するが、主眼はQ/E文の再転記; 問題文左欄を原文どおりに再転記し、推測補完部分を除去; OCRで崩れた漢字・助詞・否定語・主語述語を原画像で確認; 問題文左欄・解説右欄を画像から直接転記し、要約文を置換. 参照: 0047 pageQ=198/pageA=199.,done,stale_gpt_review
KB2025-047-005,pending,危険類型: Q文逆推測補完 / OCR誤記. 不整合: answer_symbol=○ 自体は画像右欄確認ベースで維持。現状の主問題は Q/E の読取・転記不全で、Q文とE文はいずれもプレースホルダーまたはOCR要修正。問題文から自然に導ける正誤の最終判定は左欄原文の再転記後に再確認。 画像確認: 解答欄の○×表記は念のため再確認するが、主眼はQ/E文の再転記; 問題文左欄を原文どおりに再転記し、推測補完部分を除去; OCRで崩れた漢字・助詞・否定語・主語述語を原画像で確認; 問題文左欄・解説右欄を画像から直接転記し、要約文を置換. 参照: 0047 pageQ=198/pageA=199.,done,stale_gpt_review
KB2025-047-006,pending,危険類型: Q文逆推測補完 / OCR誤記. 不整合: answer_symbol=× 自体は画像右欄確認ベースで維持。現状の主問題は Q/E の読取・転記不全で、Q文とE文はいずれもプレースホルダーまたはOCR要修正。問題文から自然に導ける正誤の最終判定は左欄原文の再転記後に再確認。 画像確認: 解答欄の○×表記は念のため再確認するが、主眼はQ/E文の再転記; 問題文左欄を原文どおりに再転記し、推測補完部分を除去; OCRで崩れた漢字・助詞・否定語・主語述語を原画像で確認; 問題文左欄・解説右欄を画像から直接転記し、要約文を置換. 参照: 0047 pageQ=198/pageA=199.,done,stale_gpt_review
KB2025-048-001,pending,危険類型: Q文逆推測補完 / OCR誤記. 不整合: answer_symbol=× 自体は画像右欄確認ベースで維持。現状の主問題は Q/E の読取・転記不全で、Q文とE文はいずれもプレースホルダーまたはOCR要修正。問題文から自然に導ける正誤の最終判定は左欄原文の再転記後に再確認。 画像確認: 解答欄の○×表記は念のため再確認するが、主眼はQ/E文の再転記; 問題文左欄を原文どおりに再転記し、推測補完部分を除去; OCRで崩れた漢字・助詞・否定語・主語述語を原画像で確認; 問題文左欄・解説右欄を画像から直接転記し、要約文を置換. 参照: 0048 pageQ=200/pageA=201.,done,stale_gpt_review
KB2025-048-002,pending,危険類型: Q文逆推測補完 / OCR誤記. 不整合: answer_symbol=× 自体は画像右欄確認ベースで維持。現状の主問題は Q/E の読取・転記不全で、Q文とE文はいずれもプレースホルダーまたはOCR要修正。問題文から自然に導ける正誤の最終判定は左欄原文の再転記後に再確認。 画像確認: 解答欄の○×表記は念のため再確認するが、主眼はQ/E文の再転記; 問題文左欄を原文どおりに再転記し、推測補完部分を除去; OCRで崩れた漢字・助詞・否定語・主語述語を原画像で確認; 問題文左欄・解説右欄を画像から直接転記し、要約文を置換. 参照: 0048 pageQ=200/pageA=201.,done,stale_gpt_review
KB2025-048-003,pending,危険類型: Q文逆推測補完 / OCR誤記. 不整合: answer_symbol=× 自体は画像右欄確認ベースで維持。現状の主問題は Q/E の読取・転記不全で、Q文とE文はいずれもプレースホルダーまたはOCR要修正。問題文から自然に導ける正誤の最終判定は左欄原文の再転記後に再確認。 画像確認: 解答欄の○×表記は念のため再確認するが、主眼はQ/E文の再転記; 問題文左欄を原文どおりに再転記し、推測補完部分を除去; OCRで崩れた漢字・助詞・否定語・主語述語を原画像で確認; 問題文左欄・解説右欄を画像から直接転記し、要約文を置換. 参照: 0048 pageQ=200/pageA=201.,done,stale_gpt_review
KB2025-048-004,pending,危険類型: Q文逆推測補完 / OCR誤記. 不整合: answer_symbol=× 自体は画像右欄確認ベースで維持。現状の主問題は Q/E の読取・転記不全で、Q文とE文はいずれもプレースホルダーまたはOCR要修正。問題文から自然に導ける正誤の最終判定は左欄原文の再転記後に再確認。 画像確認: 解答欄の○×表記は念のため再確認するが、主眼はQ/E文の再転記; 問題文左欄を原文どおりに再転記し、推測補完部分を除去; OCRで崩れた漢字・助詞・否定語・主語述語を原画像で確認; 問題文左欄・解説右欄を画像から直接転記し、要約文を置換. 参照: 0048 pageQ=200/pageA=201.,done,stale_gpt_review
KB2025-049-001,pending,危険類型: Q文逆推測補完 / OCR誤記. 不整合: answer_symbol=× 自体は画像右欄確認ベースで維持。現状の主問題は Q/E の読取・転記不全で、Q文とE文はいずれもプレースホルダーまたはOCR要修正。問題文から自然に導ける正誤の最終判定は左欄原文の再転記後に再確認。 画像確認: 解答欄の○×表記は念のため再確認するが、主眼はQ/E文の再転記; 問題文左欄を原文どおりに再転記し、推測補完部分を除去; OCRで崩れた漢字・助詞・否定語・主語述語を原画像で確認; 問題文左欄・解説右欄を画像から直接転記し、要約文を置換. 参照: 0049 pageQ=202/pageA=203.,done,stale_gpt_review
KB2025-049-002,pending,危険類型: Q文逆推測補完 / OCR誤記. 不整合: answer_symbol=× 自体は画像右欄確認ベースで維持。現状の主問題は Q/E の読取・転記不全で、Q文とE文はいずれもプレースホルダーまたはOCR要修正。問題文から自然に導ける正誤の最終判定は左欄原文の再転記後に再確認。 画像確認: 解答欄の○×表記は念のため再確認するが、主眼はQ/E文の再転記; 問題文左欄を原文どおりに再転記し、推測補完部分を除去; OCRで崩れた漢字・助詞・否定語・主語述語を原画像で確認; 問題文左欄・解説右欄を画像から直接転記し、要約文を置換. 参照: 0049 pageQ=202/pageA=203.,done,stale_gpt_review
KB2025-049-003,pending,危険類型: Q文逆推測補完 / OCR誤記. 不整合: answer_symbol=× 自体は画像右欄確認ベースで維持。現状の主問題は Q/E の読取・転記不全で、Q文とE文はいずれもプレースホルダーまたはOCR要修正。問題文から自然に導ける正誤の最終判定は左欄原文の再転記後に再確認。 画像確認: 解答欄の○×表記は念のため再確認するが、主眼はQ/E文の再転記; 問題文左欄を原文どおりに再転記し、推測補完部分を除去; OCRで崩れた漢字・助詞・否定語・主語述語を原画像で確認; 問題文左欄・解説右欄を画像から直接転記し、要約文を置換. 参照: 0049 pageQ=202/pageA=203.,done,stale_gpt_review
KB2025-050-001,pending,危険類型: Q文逆推測補完 / OCR誤記 / 限定語欠落. 不整合: answer_symbol=× 自体は画像右欄確認ベースで維持。現状の主問題は Q/E の読取・転記不全で、Q文とE文はいずれもプレースホルダーまたはOCR要修正。問題文から自然に導ける正誤の最終判定は左欄原文の再転記後に再確認。 画像確認: 解答欄の○×表記は念のため再確認するが、主眼はQ/E文の再転記; 問題文左欄を原文どおりに再転記し、推測補完部分を除去; OCRで崩れた漢字・助詞・否定語・主語述語を原画像で確認; 限定語（必ず／直ちに／あらかじめ／原則として／ただし／一律に 等）の有無を確認; 問題文左欄・解説右欄を画像から直接転記し、要約文を置換. 参照: 0050 pageQ=204/pageA=205.,done,stale_gpt_review
KB2025-050-002,pending,危険類型: Q文逆推測補完 / OCR誤記. 不整合: answer_symbol=○ 自体は画像右欄確認ベースで維持。現状の主問題は Q/E の読取・転記不全で、Q文とE文はいずれもプレースホルダーまたはOCR要修正。問題文から自然に導ける正誤の最終判定は左欄原文の再転記後に再確認。 画像確認: 解答欄の○×表記は念のため再確認するが、主眼はQ/E文の再転記; 問題文左欄を原文どおりに再転記し、推測補完部分を除去; OCRで崩れた漢字・助詞・否定語・主語述語を原画像で確認; 問題文左欄・解説右欄を画像から直接転記し、要約文を置換. 参照: 0050 pageQ=204/pageA=205.,done,stale_gpt_review
KB2025-050-003,pending,危険類型: Q文逆推測補完 / OCR誤記. 不整合: answer_symbol=× 自体は画像右欄確認ベースで維持。現状の主問題は Q/E の読取・転記不全で、Q文とE文はいずれもプレースホルダーまたはOCR要修正。問題文から自然に導ける正誤の最終判定は左欄原文の再転記後に再確認。 画像確認: 解答欄の○×表記は念のため再確認するが、主眼はQ/E文の再転記; 問題文左欄を原文どおりに再転記し、推測補完部分を除去; OCRで崩れた漢字・助詞・否定語・主語述語を原画像で確認; 問題文左欄・解説右欄を画像から直接転記し、要約文を置換. 参照: 0050 pageQ=204/pageA=205.,done,stale_gpt_review
KB2025-050-004,pending,危険類型: Q文逆推測補完 / OCR誤記. 不整合: answer_symbol=○ 自体は画像右欄確認ベースで維持。現状の主問題は Q/E の読取・転記不全で、Q文とE文はいずれもプレースホルダーまたはOCR要修正。問題文から自然に導ける正誤の最終判定は左欄原文の再転記後に再確認。 画像確認: 解答欄の○×表記は念のため再確認するが、主眼はQ/E文の再転記; 問題文左欄を原文どおりに再転記し、推測補完部分を除去; OCRで崩れた漢字・助詞・否定語・主語述語を原画像で確認; 問題文左欄・解説右欄を画像から直接転記し、要約文を置換. 参照: 0050 pageQ=204/pageA=205.,done,stale_gpt_review
KB2025-050-005,pending,危険類型: Q文逆推測補完 / OCR誤記. 不整合: answer_symbol=× 自体は画像右欄確認ベースで維持。現状の主問題は Q/E の読取・転記不全で、Q文とE文はいずれもプレースホルダーまたはOCR要修正。問題文から自然に導ける正誤の最終判定は左欄原文の再転記後に再確認。 画像確認: 解答欄の○×表記は念のため再確認するが、主眼はQ/E文の再転記; 問題文左欄を原文どおりに再転記し、推測補完部分を除去; OCRで崩れた漢字・助詞・否定語・主語述語を原画像で確認; 問題文左欄・解説右欄を画像から直接転記し、要約文を置換. 参照: 0050 pageQ=204/pageA=205.,done,stale_gpt_review
KB2025-052-001,pending,危険類型: Q文逆推測補完 / OCR誤記. 不整合: answer_symbol=× 自体は画像右欄確認ベースで維持。現状の主問題は Q/E の読取・転記不全で、Q文とE文はいずれもプレースホルダーまたはOCR要修正。問題文から自然に導ける正誤の最終判定は左欄原文の再転記後に再確認。 画像確認: 解答欄の○×表記は念のため再確認するが、主眼はQ/E文の再転記; 問題文左欄を原文どおりに再転記し、推測補完部分を除去; OCRで崩れた漢字・助詞・否定語・主語述語を原画像で確認; 問題文に「ただし」等の留保や追加文がないか確認; 問題文左欄・解説右欄を画像から直接転記し、要約文を置換. 参照: 0052 pageQ=206/pageA=207.,done,stale_gpt_review
KB2025-052-002,pending,危険類型: Q文逆推測補完 / OCR誤記 / 限定語欠落. 不整合: answer_symbol=× 自体は画像右欄確認ベースで維持。現状の主問題は Q/E の読取・転記不全で、Q文とE文はいずれもプレースホルダーまたはOCR要修正。問題文から自然に導ける正誤の最終判定は左欄原文の再転記後に再確認。 画像確認: 解答欄の○×表記は念のため再確認するが、主眼はQ/E文の再転記; 問題文左欄を原文どおりに再転記し、推測補完部分を除去; OCRで崩れた漢字・助詞・否定語・主語述語を原画像で確認; 限定語（必ず／直ちに／あらかじめ／原則として／ただし／一律に 等）の有無を確認; 問題文に「ただし」等の留保や追加文がないか確認; 問題文左欄・解説右欄を画像から直接転記し、要約文を置換. 参照: 0052 pageQ=206/pageA=207.,done,stale_gpt_review
KB2025-052-004,pending,危険類型: Q文逆推測補完 / OCR誤記 / 限定語欠落. 不整合: answer_symbol=× 自体は画像右欄確認ベースで維持。現状の主問題は Q/E の読取・転記不全で、Q文とE文はいずれもプレースホルダーまたはOCR要修正。問題文から自然に導ける正誤の最終判定は左欄原文の再転記後に再確認。 画像確認: 解答欄の○×表記は念のため再確認するが、主眼はQ/E文の再転記; 問題文左欄を原文どおりに再転記し、推測補完部分を除去; OCRで崩れた漢字・助詞・否定語・主語述語を原画像で確認; 限定語（必ず／直ちに／あらかじめ／原則として／ただし／一律に 等）の有無を確認; 問題文に「ただし」等の留保や追加文がないか確認; 問題文左欄・解説右欄を画像から直接転記し、要約文を置換. 参照: 0052 pageQ=206/pageA=207.,done,stale_gpt_review
KB2025-052-005,pending,危険類型: Q文逆推測補完 / OCR誤記. 不整合: answer_symbol=× 自体は画像右欄確認ベースで維持。現状の主問題は Q/E の読取・転記不全で、Q文とE文はいずれもプレースホルダーまたはOCR要修正。問題文から自然に導ける正誤の最終判定は左欄原文の再転記後に再確認。 画像確認: 解答欄の○×表記は念のため再確認するが、主眼はQ/E文の再転記; 問題文左欄を原文どおりに再転記し、推測補完部分を除去; OCRで崩れた漢字・助詞・否定語・主語述語を原画像で確認; 問題文に「ただし」等の留保や追加文がないか確認; 問題文左欄・解説右欄を画像から直接転記し、要約文を置換. 参照: 0052 pageQ=206/pageA=207.,done,stale_gpt_review
KB2025-052-006,pending,危険類型: Q文逆推測補完 / OCR誤記 / 限定語欠落 / 数値要件不一致. 不整合: answer_symbol=× 自体は画像右欄確認ベースで維持。現状の主問題は Q/E の読取・転記不全で、Q文とE文はいずれもプレースホルダーまたはOCR要修正。問題文から自然に導ける正誤の最終判定は左欄原文の再転記後に再確認。 画像確認: 解答欄の○×表記は念のため再確認するが、主眼はQ/E文の再転記; 問題文左欄を原文どおりに再転記し、推測補完部分を除去; OCRで崩れた漢字・助詞・否定語・主語述語を原画像で確認; 限定語（必ず／直ちに／あらかじめ／原則として／ただし／一律に 等）の有無を確認; 数値要件・多数決要件・期間（例: 過半数、3年、5年、日数）を確認; 問題文に「ただし」等の留保や追加文がないか確認. 参照: 0052 pageQ=206/pageA=207.,done,stale_gpt_review
KB2025-053-002,pending,危険類型: Q文逆推測補完 / OCR誤記. 不整合: answer_symbol=○ 自体は画像右欄確認ベースで維持。現状の主問題は Q/E の読取・転記不全で、Q文とE文はいずれもプレースホルダーまたはOCR要修正。問題文から自然に導ける正誤の最終判定は左欄原文の再転記後に再確認。 画像確認: 解答欄の○×表記は念のため再確認するが、主眼はQ/E文の再転記; 問題文左欄を原文どおりに再転記し、推測補完部分を除去; OCRで崩れた漢字・助詞・否定語・主語述語を原画像で確認; 問題文に「ただし」等の留保や追加文がないか確認; 問題文左欄・解説右欄を画像から直接転記し、要約文を置換. 参照: 0053 pageQ=208/pageA=209.,done,stale_gpt_review
KB2025-053-004,pending,危険類型: Q文逆推測補完 / OCR誤記. 不整合: answer_symbol=× 自体は画像右欄確認ベースで維持。現状の主問題は Q/E の読取・転記不全で、Q文とE文はいずれもプレースホルダーまたはOCR要修正。問題文から自然に導ける正誤の最終判定は左欄原文の再転記後に再確認。 画像確認: 解答欄の○×表記は念のため再確認するが、主眼はQ/E文の再転記; 問題文左欄を原文どおりに再転記し、推測補完部分を除去; OCRで崩れた漢字・助詞・否定語・主語述語を原画像で確認; 問題文に「ただし」等の留保や追加文がないか確認; 問題文左欄・解説右欄を画像から直接転記し、要約文を置換. 参照: 0053 pageQ=208/pageA=209.,done,stale_gpt_review
KB2025-053-005,pending,危険類型: Q文逆推測補完 / OCR誤記. 不整合: answer_symbol=× 自体は画像右欄確認ベースで維持。現状の主問題は Q/E の読取・転記不全で、Q文とE文はいずれもプレースホルダーまたはOCR要修正。問題文から自然に導ける正誤の最終判定は左欄原文の再転記後に再確認。 画像確認: 解答欄の○×表記は念のため再確認するが、主眼はQ/E文の再転記; 問題文左欄を原文どおりに再転記し、推測補完部分を除去; OCRで崩れた漢字・助詞・否定語・主語述語を原画像で確認; 問題文に「ただし」等の留保や追加文がないか確認; 問題文左欄・解説右欄を画像から直接転記し、要約文を置換. 参照: 0053 pageQ=208/pageA=209.,done,stale_gpt_review
KB2025-054-002,pending,危険類型: Q文逆推測補完 / OCR誤記 / 限定語欠落. 不整合: answer_symbol=× 自体は画像右欄確認ベースで維持。現状の主問題は Q/E の読取・転記不全で、Q文とE文はいずれもプレースホルダーまたはOCR要修正。問題文から自然に導ける正誤の最終判定は左欄原文の再転記後に再確認。 画像確認: 解答欄の○×表記は念のため再確認するが、主眼はQ/E文の再転記; 問題文左欄を原文どおりに再転記し、推測補完部分を除去; OCRで崩れた漢字・助詞・否定語・主語述語を原画像で確認; 限定語（必ず／直ちに／あらかじめ／原則として／ただし／一律に 等）の有無を確認; 問題文左欄・解説右欄を画像から直接転記し、要約文を置換. 参照: 0054 pageQ=210/pageA=211.,done,stale_gpt_review
KB2025-054-003,pending,危険類型: Q文逆推測補完 / OCR誤記. 不整合: answer_symbol=× 自体は画像右欄確認ベースで維持。現状の主問題は Q/E の読取・転記不全で、Q文とE文はいずれもプレースホルダーまたはOCR要修正。問題文から自然に導ける正誤の最終判定は左欄原文の再転記後に再確認。 画像確認: 解答欄の○×表記は念のため再確認するが、主眼はQ/E文の再転記; 問題文左欄を原文どおりに再転記し、推測補完部分を除去; OCRで崩れた漢字・助詞・否定語・主語述語を原画像で確認; 問題文左欄・解説右欄を画像から直接転記し、要約文を置換. 参照: 0054 pageQ=210/pageA=211.,done,stale_gpt_review
KB2025-054-004,pending,危険類型: Q文逆推測補完 / OCR誤記. 不整合: answer_symbol=× 自体は画像右欄確認ベースで維持。現状の主問題は Q/E の読取・転記不全で、Q文とE文はいずれもプレースホルダーまたはOCR要修正。問題文から自然に導ける正誤の最終判定は左欄原文の再転記後に再確認。 画像確認: 解答欄の○×表記は念のため再確認するが、主眼はQ/E文の再転記; 問題文左欄を原文どおりに再転記し、推測補完部分を除去; OCRで崩れた漢字・助詞・否定語・主語述語を原画像で確認; 問題文左欄・解説右欄を画像から直接転記し、要約文を置換. 参照: 0054 pageQ=210/pageA=211.,done,stale_gpt_review
KB2025-054-005,pending,危険類型: Q文逆推測補完 / OCR誤記. 不整合: answer_symbol=× 自体は画像右欄確認ベースで維持。現状の主問題は Q/E の読取・転記不全で、Q文とE文はいずれもプレースホルダーまたはOCR要修正。問題文から自然に導ける正誤の最終判定は左欄原文の再転記後に再確認。 画像確認: 解答欄の○×表記は念のため再確認するが、主眼はQ/E文の再転記; 問題文左欄を原文どおりに再転記し、推測補完部分を除去; OCRで崩れた漢字・助詞・否定語・主語述語を原画像で確認; 問題文左欄・解説右欄を画像から直接転記し、要約文を置換. 参照: 0054 pageQ=210/pageA=211.,done,stale_gpt_review
KB2025-055-002,pending,危険類型: Q文逆推測補完 / OCR誤記. 不整合: answer_symbol=× 自体は画像右欄確認ベースで維持。現状の主問題は Q/E の読取・転記不全で、Q文とE文はいずれもプレースホルダーまたはOCR要修正。問題文から自然に導ける正誤の最終判定は左欄原文の再転記後に再確認。 画像確認: 解答欄の○×表記は念のため再確認するが、主眼はQ/E文の再転記; 問題文左欄を原文どおりに再転記し、推測補完部分を除去; OCRで崩れた漢字・助詞・否定語・主語述語を原画像で確認; 問題文左欄・解説右欄を画像から直接転記し、要約文を置換. 参照: 0055 pageQ=212/pageA=213.,done,stale_gpt_review
KB2025-055-003,pending,危険類型: Q文逆推測補完 / OCR誤記. 不整合: answer_symbol=○ 自体は画像右欄確認ベースで維持。現状の主問題は Q/E の読取・転記不全で、Q文とE文はいずれもプレースホルダーまたはOCR要修正。問題文から自然に導ける正誤の最終判定は左欄原文の再転記後に再確認。 画像確認: 解答欄の○×表記は念のため再確認するが、主眼はQ/E文の再転記; 問題文左欄を原文どおりに再転記し、推測補完部分を除去; OCRで崩れた漢字・助詞・否定語・主語述語を原画像で確認; 問題文左欄・解説右欄を画像から直接転記し、要約文を置換. 参照: 0055 pageQ=212/pageA=213.,done,stale_gpt_review
KB2025-056-001,pending,危険類型: Q文逆推測補完 / OCR誤記. 不整合: answer_symbol=× 自体は画像右欄確認ベースで維持。現状の主問題は Q/E の読取・転記不全で、Q文とE文はいずれもプレースホルダーまたはOCR要修正。問題文から自然に導ける正誤の最終判定は左欄原文の再転記後に再確認。 画像確認: 解答欄の○×表記は念のため再確認するが、主眼はQ/E文の再転記; 問題文左欄を原文どおりに再転記し、推測補完部分を除去; OCRで崩れた漢字・助詞・否定語・主語述語を原画像で確認; 問題文に「ただし」等の留保や追加文がないか確認; 問題文左欄・解説右欄を画像から直接転記し、要約文を置換. 参照: 0056 pageQ=214/pageA=215.,done,stale_gpt_review
KB2025-056-002,pending,危険類型: Q文逆推測補完 / OCR誤記. 不整合: answer_symbol=× 自体は画像右欄確認ベースで維持。現状の主問題は Q/E の読取・転記不全で、Q文とE文はいずれもプレースホルダーまたはOCR要修正。問題文から自然に導ける正誤の最終判定は左欄原文の再転記後に再確認。 画像確認: 解答欄の○×表記は念のため再確認するが、主眼はQ/E文の再転記; 問題文左欄を原文どおりに再転記し、推測補完部分を除去; OCRで崩れた漢字・助詞・否定語・主語述語を原画像で確認; 問題文左欄・解説右欄を画像から直接転記し、要約文を置換. 参照: 0056 pageQ=214/pageA=215.,done,stale_gpt_review
KB2025-056-003,pending,危険類型: Q文逆推測補完 / OCR誤記. 不整合: answer_symbol=× 自体は画像右欄確認ベースで維持。現状の主問題は Q/E の読取・転記不全で、Q文とE文はいずれもプレースホルダーまたはOCR要修正。問題文から自然に導ける正誤の最終判定は左欄原文の再転記後に再確認。 画像確認: 解答欄の○×表記は念のため再確認するが、主眼はQ/E文の再転記; 問題文左欄を原文どおりに再転記し、推測補完部分を除去; OCRで崩れた漢字・助詞・否定語・主語述語を原画像で確認; 問題文左欄・解説右欄を画像から直接転記し、要約文を置換. 参照: 0056 pageQ=214/pageA=215.,done,stale_gpt_review
KB2025-056-004,pending,危険類型: Q文逆推測補完 / OCR誤記. 不整合: answer_symbol=× 自体は画像右欄確認ベースで維持。現状の主問題は Q/E の読取・転記不全で、Q文とE文はいずれもプレースホルダーまたはOCR要修正。問題文から自然に導ける正誤の最終判定は左欄原文の再転記後に再確認。 画像確認: 解答欄の○×表記は念のため再確認するが、主眼はQ/E文の再転記; 問題文左欄を原文どおりに再転記し、推測補完部分を除去; OCRで崩れた漢字・助詞・否定語・主語述語を原画像で確認; 問題文左欄・解説右欄を画像から直接転記し、要約文を置換. 参照: 0056 pageQ=214/pageA=215.,done,stale_gpt_review
KB2025-056-006,pending,危険類型: Q文逆推測補完 / OCR誤記. 不整合: answer_symbol=× 自体は画像右欄確認ベースで維持。現状の主問題は Q/E の読取・転記不全で、Q文とE文はいずれもプレースホルダーまたはOCR要修正。問題文から自然に導ける正誤の最終判定は左欄原文の再転記後に再確認。 画像確認: 解答欄の○×表記は念のため再確認するが、主眼はQ/E文の再転記; 問題文左欄を原文どおりに再転記し、推測補完部分を除去; OCRで崩れた漢字・助詞・否定語・主語述語を原画像で確認; 問題文左欄・解説右欄を画像から直接転記し、要約文を置換. 参照: 0056 pageQ=214/pageA=215.,done,stale_gpt_review
KB2025-056-007,pending,危険類型: Q文逆推測補完 / OCR誤記. 不整合: answer_symbol=× 自体は画像右欄確認ベースで維持。現状の主問題は Q/E の読取・転記不全で、Q文とE文はいずれもプレースホルダーまたはOCR要修正。問題文から自然に導ける正誤の最終判定は左欄原文の再転記後に再確認。 画像確認: 解答欄の○×表記は念のため再確認するが、主眼はQ/E文の再転記; 問題文左欄を原文どおりに再転記し、推測補完部分を除去; OCRで崩れた漢字・助詞・否定語・主語述語を原画像で確認; 問題文左欄・解説右欄を画像から直接転記し、要約文を置換. 参照: 0056 pageQ=214/pageA=215.,done,stale_gpt_review
KB2025-057-001,pending,危険類型: Q文逆推測補完 / OCR誤記. 不整合: answer_symbol=× 自体は画像右欄確認ベースで維持。現状の主問題は Q/E の読取・転記不全で、Q文とE文はいずれもプレースホルダーまたはOCR要修正。問題文から自然に導ける正誤の最終判定は左欄原文の再転記後に再確認。 画像確認: 解答欄の○×表記は念のため再確認するが、主眼はQ/E文の再転記; 問題文左欄を原文どおりに再転記し、推測補完部分を除去; OCRで崩れた漢字・助詞・否定語・主語述語を原画像で確認; 問題文左欄・解説右欄を画像から直接転記し、要約文を置換. 参照: 0057 pageQ=216/pageA=217.,done,stale_gpt_review
KB2025-057-003,pending,危険類型: Q文逆推測補完 / OCR誤記. 不整合: answer_symbol=× 自体は画像右欄確認ベースで維持。現状の主問題は Q/E の読取・転記不全で、Q文とE文はいずれもプレースホルダーまたはOCR要修正。問題文から自然に導ける正誤の最終判定は左欄原文の再転記後に再確認。 画像確認: 解答欄の○×表記は念のため再確認するが、主眼はQ/E文の再転記; 問題文左欄を原文どおりに再転記し、推測補完部分を除去; OCRで崩れた漢字・助詞・否定語・主語述語を原画像で確認; 問題文左欄・解説右欄を画像から直接転記し、要約文を置換. 参照: 0057 pageQ=216/pageA=217.,done,stale_gpt_review
KB2025-057-004,pending,危険類型: Q文逆推測補完 / OCR誤記. 不整合: answer_symbol=○ 自体は画像右欄確認ベースで維持。現状の主問題は Q/E の読取・転記不全で、Q文とE文はいずれもプレースホルダーまたはOCR要修正。問題文から自然に導ける正誤の最終判定は左欄原文の再転記後に再確認。 画像確認: 解答欄の○×表記は念のため再確認するが、主眼はQ/E文の再転記; 問題文左欄を原文どおりに再転記し、推測補完部分を除去; OCRで崩れた漢字・助詞・否定語・主語述語を原画像で確認; 問題文左欄・解説右欄を画像から直接転記し、要約文を置換. 参照: 0057 pageQ=216/pageA=217.,done,stale_gpt_review
KB2025-057-005,pending,危険類型: Q文逆推測補完 / OCR誤記. 不整合: answer_symbol=× 自体は画像右欄確認ベースで維持。現状の主問題は Q/E の読取・転記不全で、Q文とE文はいずれもプレースホルダーまたはOCR要修正。問題文から自然に導ける正誤の最終判定は左欄原文の再転記後に再確認。 画像確認: 解答欄の○×表記は念のため再確認するが、主眼はQ/E文の再転記; 問題文左欄を原文どおりに再転記し、推測補完部分を除去; OCRで崩れた漢字・助詞・否定語・主語述語を原画像で確認; 問題文左欄・解説右欄を画像から直接転記し、要約文を置換. 参照: 0057 pageQ=216/pageA=217.,done,stale_gpt_review
KB2025-057-006,pending,危険類型: Q文逆推測補完 / OCR誤記. 不整合: answer_symbol=× 自体は画像右欄確認ベースで維持。現状の主問題は Q/E の読取・転記不全で、Q文とE文はいずれもプレースホルダーまたはOCR要修正。問題文から自然に導ける正誤の最終判定は左欄原文の再転記後に再確認。 画像確認: 解答欄の○×表記は念のため再確認するが、主眼はQ/E文の再転記; 問題文左欄を原文どおりに再転記し、推測補完部分を除去; OCRで崩れた漢字・助詞・否定語・主語述語を原画像で確認; 問題文左欄・解説右欄を画像から直接転記し、要約文を置換. 参照: 0057 pageQ=216/pageA=217.,done,stale_gpt_review
KB2025-058-001,pending,危険類型: Q文逆推測補完 / OCR誤記. 不整合: answer_symbol=× 自体は画像右欄確認ベースで維持。現状の主問題は Q/E の読取・転記不全で、Q文とE文はいずれもプレースホルダーまたはOCR要修正。問題文から自然に導ける正誤の最終判定は左欄原文の再転記後に再確認。 画像確認: 解答欄の○×表記は念のため再確認するが、主眼はQ/E文の再転記; 問題文左欄を原文どおりに再転記し、推測補完部分を除去; OCRで崩れた漢字・助詞・否定語・主語述語を原画像で確認; 問題文左欄・解説右欄を画像から直接転記し、要約文を置換. 参照: 0058 pageQ=218/pageA=219.,done,stale_gpt_review
KB2025-058-002,pending,危険類型: Q文逆推測補完 / OCR誤記. 不整合: answer_symbol=× 自体は画像右欄確認ベースで維持。現状の主問題は Q/E の読取・転記不全で、Q文とE文はいずれもプレースホルダーまたはOCR要修正。問題文から自然に導ける正誤の最終判定は左欄原文の再転記後に再確認。 画像確認: 解答欄の○×表記は念のため再確認するが、主眼はQ/E文の再転記; 問題文左欄を原文どおりに再転記し、推測補完部分を除去; OCRで崩れた漢字・助詞・否定語・主語述語を原画像で確認; 問題文左欄・解説右欄を画像から直接転記し、要約文を置換. 参照: 0058 pageQ=218/pageA=219.,done,stale_gpt_review
KB2025-058-003,pending,危険類型: Q文逆推測補完 / OCR誤記. 不整合: answer_symbol=× 自体は画像右欄確認ベースで維持。現状の主問題は Q/E の読取・転記不全で、Q文とE文はいずれもプレースホルダーまたはOCR要修正。問題文から自然に導ける正誤の最終判定は左欄原文の再転記後に再確認。 画像確認: 解答欄の○×表記は念のため再確認するが、主眼はQ/E文の再転記; 問題文左欄を原文どおりに再転記し、推測補完部分を除去; OCRで崩れた漢字・助詞・否定語・主語述語を原画像で確認; 問題文左欄・解説右欄を画像から直接転記し、要約文を置換. 参照: 0058 pageQ=218/pageA=219.,done,stale_gpt_review
KB2025-058-004,pending,危険類型: Q文逆推測補完 / OCR誤記. 不整合: answer_symbol=× 自体は画像右欄確認ベースで維持。現状の主問題は Q/E の読取・転記不全で、Q文とE文はいずれもプレースホルダーまたはOCR要修正。問題文から自然に導ける正誤の最終判定は左欄原文の再転記後に再確認。 画像確認: 解答欄の○×表記は念のため再確認するが、主眼はQ/E文の再転記; 問題文左欄を原文どおりに再転記し、推測補完部分を除去; OCRで崩れた漢字・助詞・否定語・主語述語を原画像で確認; 問題文左欄・解説右欄を画像から直接転記し、要約文を置換. 参照: 0058 pageQ=218/pageA=219.,done,stale_gpt_review
KB2025-058-007,pending,危険類型: Q文逆推測補完 / OCR誤記. 不整合: answer_symbol=× 自体は画像右欄確認ベースで維持。現状の主問題は Q/E の読取・転記不全で、Q文とE文はいずれもプレースホルダーまたはOCR要修正。問題文から自然に導ける正誤の最終判定は左欄原文の再転記後に再確認。 画像確認: 解答欄の○×表記は念のため再確認するが、主眼はQ/E文の再転記; 問題文左欄を原文どおりに再転記し、推測補完部分を除去; OCRで崩れた漢字・助詞・否定語・主語述語を原画像で確認; 問題文左欄・解説右欄を画像から直接転記し、要約文を置換. 参照: 0058 pageQ=218/pageA=219.,done,stale_gpt_review
KB2025-058-008,pending,危険類型: Q文逆推測補完 / OCR誤記. 不整合: answer_symbol=× 自体は画像右欄確認ベースで維持。現状の主問題は Q/E の読取・転記不全で、Q文とE文はいずれもプレースホルダーまたはOCR要修正。問題文から自然に導ける正誤の最終判定は左欄原文の再転記後に再確認。 画像確認: 解答欄の○×表記は念のため再確認するが、主眼はQ/E文の再転記; 問題文左欄を原文どおりに再転記し、推測補完部分を除去; OCRで崩れた漢字・助詞・否定語・主語述語を原画像で確認; 問題文左欄・解説右欄を画像から直接転記し、要約文を置換. 参照: 0058 pageQ=218/pageA=219.,done,stale_gpt_review
KB2025-059-001,pending,危険類型: Q文逆推測補完 / OCR誤記. 不整合: answer_symbol=○ 自体は画像右欄確認ベースで維持。現状の主問題は Q/E の読取・転記不全で、Q文とE文はいずれもプレースホルダーまたはOCR要修正。問題文から自然に導ける正誤の最終判定は左欄原文の再転記後に再確認。 画像確認: 解答欄の○×表記は念のため再確認するが、主眼はQ/E文の再転記; 問題文左欄を原文どおりに再転記し、推測補完部分を除去; OCRで崩れた漢字・助詞・否定語・主語述語を原画像で確認; 問題文左欄・解説右欄を画像から直接転記し、要約文を置換. 参照: 0059 pageQ=220/pageA=221.,done,stale_gpt_review
KB2025-059-002,pending,危険類型: Q文逆推測補完 / OCR誤記. 不整合: answer_symbol=× 自体は画像右欄確認ベースで維持。現状の主問題は Q/E の読取・転記不全で、Q文とE文はいずれもプレースホルダーまたはOCR要修正。問題文から自然に導ける正誤の最終判定は左欄原文の再転記後に再確認。 画像確認: 解答欄の○×表記は念のため再確認するが、主眼はQ/E文の再転記; 問題文左欄を原文どおりに再転記し、推測補完部分を除去; OCRで崩れた漢字・助詞・否定語・主語述語を原画像で確認; 問題文左欄・解説右欄を画像から直接転記し、要約文を置換. 参照: 0059 pageQ=220/pageA=221.,done,stale_gpt_review
KB2025-059-003,pending,危険類型: Q文逆推測補完 / OCR誤記. 不整合: answer_symbol=× 自体は画像右欄確認ベースで維持。現状の主問題は Q/E の読取・転記不全で、Q文とE文はいずれもプレースホルダーまたはOCR要修正。問題文から自然に導ける正誤の最終判定は左欄原文の再転記後に再確認。 画像確認: 解答欄の○×表記は念のため再確認するが、主眼はQ/E文の再転記; 問題文左欄を原文どおりに再転記し、推測補完部分を除去; OCRで崩れた漢字・助詞・否定語・主語述語を原画像で確認; 問題文左欄・解説右欄を画像から直接転記し、要約文を置換. 参照: 0059 pageQ=220/pageA=221.,done,stale_gpt_review
KB2025-059-004,pending,危険類型: Q文逆推測補完 / OCR誤記. 不整合: answer_symbol=○ 自体は画像右欄確認ベースで維持。現状の主問題は Q/E の読取・転記不全で、Q文とE文はいずれもプレースホルダーまたはOCR要修正。問題文から自然に導ける正誤の最終判定は左欄原文の再転記後に再確認。 画像確認: 解答欄の○×表記は念のため再確認するが、主眼はQ/E文の再転記; 問題文左欄を原文どおりに再転記し、推測補完部分を除去; OCRで崩れた漢字・助詞・否定語・主語述語を原画像で確認; 問題文左欄・解説右欄を画像から直接転記し、要約文を置換. 参照: 0059 pageQ=220/pageA=221.,done,stale_gpt_review
KB2025-059-005,pending,危険類型: Q文逆推測補完 / OCR誤記. 不整合: answer_symbol=× 自体は画像右欄確認ベースで維持。現状の主問題は Q/E の読取・転記不全で、Q文とE文はいずれもプレースホルダーまたはOCR要修正。問題文から自然に導ける正誤の最終判定は左欄原文の再転記後に再確認。 画像確認: 解答欄の○×表記は念のため再確認するが、主眼はQ/E文の再転記; 問題文左欄を原文どおりに再転記し、推測補完部分を除去; OCRで崩れた漢字・助詞・否定語・主語述語を原画像で確認; 問題文左欄・解説右欄を画像から直接転記し、要約文を置換. 参照: 0059 pageQ=220/pageA=221.,done,stale_gpt_review
KB2025-059-006,pending,危険類型: Q文逆推測補完 / OCR誤記. 不整合: answer_symbol=× 自体は画像右欄確認ベースで維持。現状の主問題は Q/E の読取・転記不全で、Q文とE文はいずれもプレースホルダーまたはOCR要修正。問題文から自然に導ける正誤の最終判定は左欄原文の再転記後に再確認。 画像確認: 解答欄の○×表記は念のため再確認するが、主眼はQ/E文の再転記; 問題文左欄を原文どおりに再転記し、推測補完部分を除去; OCRで崩れた漢字・助詞・否定語・主語述語を原画像で確認; 問題文左欄・解説右欄を画像から直接転記し、要約文を置換. 参照: 0059 pageQ=220/pageA=221.,done,stale_gpt_review
KB2025-059-007,pending,危険類型: Q文逆推測補完 / OCR誤記. 不整合: answer_symbol=× 自体は画像右欄確認ベースで維持。現状の主問題は Q/E の読取・転記不全で、Q文とE文はいずれもプレースホルダーまたはOCR要修正。問題文から自然に導ける正誤の最終判定は左欄原文の再転記後に再確認。 画像確認: 解答欄の○×表記は念のため再確認するが、主眼はQ/E文の再転記; 問題文左欄を原文どおりに再転記し、推測補完部分を除去; OCRで崩れた漢字・助詞・否定語・主語述語を原画像で確認; 問題文左欄・解説右欄を画像から直接転記し、要約文を置換. 参照: 0059 pageQ=220/pageA=221.,done,stale_gpt_review
KB2025-059-008,pending,危険類型: Q文逆推測補完 / OCR誤記. 不整合: answer_symbol=○ 自体は画像右欄確認ベースで維持。現状の主問題は Q/E の読取・転記不全で、Q文とE文はいずれもプレースホルダーまたはOCR要修正。問題文から自然に導ける正誤の最終判定は左欄原文の再転記後に再確認。 画像確認: 解答欄の○×表記は念のため再確認するが、主眼はQ/E文の再転記; 問題文左欄を原文どおりに再転記し、推測補完部分を除去; OCRで崩れた漢字・助詞・否定語・主語述語を原画像で確認; 問題文左欄・解説右欄を画像から直接転記し、要約文を置換. 参照: 0059 pageQ=220/pageA=221.,done,stale_gpt_review
KB2025-060-001,pending,危険類型: Q文逆推測補完 / OCR誤記. 不整合: answer_symbol=× 自体は画像右欄確認ベースで維持。現状の主問題は Q/E の読取・転記不全で、Q文とE文はいずれもプレースホルダーまたはOCR要修正。問題文から自然に導ける正誤の最終判定は左欄原文の再転記後に再確認。 画像確認: 解答欄の○×表記は念のため再確認するが、主眼はQ/E文の再転記; 問題文左欄を原文どおりに再転記し、推測補完部分を除去; OCRで崩れた漢字・助詞・否定語・主語述語を原画像で確認; 問題文左欄・解説右欄を画像から直接転記し、要約文を置換. 参照: 0060 pageQ=222/pageA=223.,done,stale_gpt_review
KB2025-060-002,pending,危険類型: Q文逆推測補完 / OCR誤記. 不整合: answer_symbol=× 自体は画像右欄確認ベースで維持。現状の主問題は Q/E の読取・転記不全で、Q文とE文はいずれもプレースホルダーまたはOCR要修正。問題文から自然に導ける正誤の最終判定は左欄原文の再転記後に再確認。 画像確認: 解答欄の○×表記は念のため再確認するが、主眼はQ/E文の再転記; 問題文左欄を原文どおりに再転記し、推測補完部分を除去; OCRで崩れた漢字・助詞・否定語・主語述語を原画像で確認; 問題文左欄・解説右欄を画像から直接転記し、要約文を置換. 参照: 0060 pageQ=222/pageA=223.,done,stale_gpt_review
KB2025-060-004,pending,危険類型: Q文逆推測補完 / OCR誤記. 不整合: answer_symbol=× 自体は画像右欄確認ベースで維持。現状の主問題は Q/E の読取・転記不全で、Q文とE文はいずれもプレースホルダーまたはOCR要修正。問題文から自然に導ける正誤の最終判定は左欄原文の再転記後に再確認。 画像確認: 解答欄の○×表記は念のため再確認するが、主眼はQ/E文の再転記; 問題文左欄を原文どおりに再転記し、推測補完部分を除去; OCRで崩れた漢字・助詞・否定語・主語述語を原画像で確認; 問題文左欄・解説右欄を画像から直接転記し、要約文を置換. 参照: 0060 pageQ=222/pageA=223.,done,stale_gpt_review
KB2025-060-005,pending,危険類型: Q文逆推測補完 / OCR誤記. 不整合: answer_symbol=× 自体は画像右欄確認ベースで維持。現状の主問題は Q/E の読取・転記不全で、Q文とE文はいずれもプレースホルダーまたはOCR要修正。問題文から自然に導ける正誤の最終判定は左欄原文の再転記後に再確認。 画像確認: 解答欄の○×表記は念のため再確認するが、主眼はQ/E文の再転記; 問題文左欄を原文どおりに再転記し、推測補完部分を除去; OCRで崩れた漢字・助詞・否定語・主語述語を原画像で確認; 問題文左欄・解説右欄を画像から直接転記し、要約文を置換. 参照: 0060 pageQ=222/pageA=223.,done,stale_gpt_review
KB2025-060-006,pending,危険類型: Q文逆推測補完 / OCR誤記. 不整合: answer_symbol=× 自体は画像右欄確認ベースで維持。現状の主問題は Q/E の読取・転記不全で、Q文とE文はいずれもプレースホルダーまたはOCR要修正。問題文から自然に導ける正誤の最終判定は左欄原文の再転記後に再確認。 画像確認: 解答欄の○×表記は念のため再確認するが、主眼はQ/E文の再転記; 問題文左欄を原文どおりに再転記し、推測補完部分を除去; OCRで崩れた漢字・助詞・否定語・主語述語を原画像で確認; 問題文左欄・解説右欄を画像から直接転記し、要約文を置換. 参照: 0060 pageQ=222/pageA=223.,done,stale_gpt_review
KB2025-061-003,pending,危険類型: Q文逆推測補完 / OCR誤記. 不整合: answer_symbol=× 自体は画像右欄確認ベースで維持。現状の主問題は Q/E の読取・転記不全で、Q文とE文はいずれもプレースホルダーまたはOCR要修正。問題文から自然に導ける正誤の最終判定は左欄原文の再転記後に再確認。 画像確認: 解答欄の○×表記は念のため再確認するが、主眼はQ/E文の再転記; 問題文左欄を原文どおりに再転記し、推測補完部分を除去; OCRで崩れた漢字・助詞・否定語・主語述語を原画像で確認; 問題文左欄・解説右欄を画像から直接転記し、要約文を置換. 参照: 0061 pageQ=224/pageA=225.,done,stale_gpt_review
KB2025-061-004,pending,危険類型: Q文逆推測補完 / OCR誤記. 不整合: answer_symbol=× 自体は画像右欄確認ベースで維持。現状の主問題は Q/E の読取・転記不全で、Q文とE文はいずれもプレースホルダーまたはOCR要修正。問題文から自然に導ける正誤の最終判定は左欄原文の再転記後に再確認。 画像確認: 解答欄の○×表記は念のため再確認するが、主眼はQ/E文の再転記; 問題文左欄を原文どおりに再転記し、推測補完部分を除去; OCRで崩れた漢字・助詞・否定語・主語述語を原画像で確認; 問題文左欄・解説右欄を画像から直接転記し、要約文を置換. 参照: 0061 pageQ=224/pageA=225.,done,stale_gpt_review
KB2025-062-004,pending,危険類型: Q文逆推測補完 / OCR誤記. 不整合: answer_symbol=× 自体は画像右欄確認ベースで維持。現状の主問題は Q/E の読取・転記不全で、Q文とE文はいずれもプレースホルダーまたはOCR要修正。問題文から自然に導ける正誤の最終判定は左欄原文の再転記後に再確認。 画像確認: 解答欄の○×表記は念のため再確認するが、主眼はQ/E文の再転記; 問題文左欄を原文どおりに再転記し、推測補完部分を除去; OCRで崩れた漢字・助詞・否定語・主語述語を原画像で確認; 問題文左欄・解説右欄を画像から直接転記し、要約文を置換. 参照: 0062 pageQ=226/pageA=227.,done,stale_gpt_review
KB2025-062-005,pending,危険類型: Q文逆推測補完 / OCR誤記. 不整合: answer_symbol=× 自体は画像右欄確認ベースで維持。現状の主問題は Q/E の読取・転記不全で、Q文とE文はいずれもプレースホルダーまたはOCR要修正。問題文から自然に導ける正誤の最終判定は左欄原文の再転記後に再確認。 画像確認: 解答欄の○×表記は念のため再確認するが、主眼はQ/E文の再転記; 問題文左欄を原文どおりに再転記し、推測補完部分を除去; OCRで崩れた漢字・助詞・否定語・主語述語を原画像で確認; 問題文左欄・解説右欄を画像から直接転記し、要約文を置換. 参照: 0062 pageQ=226/pageA=227.,done,stale_gpt_review
KB2025-062-007,pending,危険類型: Q文逆推測補完 / OCR誤記. 不整合: answer_symbol=○ 自体は画像右欄確認ベースで維持。現状の主問題は Q/E の読取・転記不全で、Q文とE文はいずれもプレースホルダーまたはOCR要修正。問題文から自然に導ける正誤の最終判定は左欄原文の再転記後に再確認。 画像確認: 解答欄の○×表記は念のため再確認するが、主眼はQ/E文の再転記; 問題文左欄を原文どおりに再転記し、推測補完部分を除去; OCRで崩れた漢字・助詞・否定語・主語述語を原画像で確認; 問題文左欄・解説右欄を画像から直接転記し、要約文を置換. 参照: 0062 pageQ=226/pageA=227.,done,stale_gpt_review
KB2025-062-008,pending,危険類型: Q文逆推測補完 / OCR誤記. 不整合: answer_symbol=× 自体は画像右欄確認ベースで維持。現状の主問題は Q/E の読取・転記不全で、Q文とE文はいずれもプレースホルダーまたはOCR要修正。問題文から自然に導ける正誤の最終判定は左欄原文の再転記後に再確認。 画像確認: 解答欄の○×表記は念のため再確認するが、主眼はQ/E文の再転記; 問題文左欄を原文どおりに再転記し、推測補完部分を除去; OCRで崩れた漢字・助詞・否定語・主語述語を原画像で確認; 問題文左欄・解説右欄を画像から直接転記し、要約文を置換. 参照: 0062 pageQ=226/pageA=227.,done,stale_gpt_review
KB2025-063-001,pending,危険類型: Q文逆推測補完 / OCR誤記. 不整合: answer_symbol=× 自体は画像右欄確認ベースで維持。現状の主問題は Q/E の読取・転記不全で、Q文とE文はいずれもプレースホルダーまたはOCR要修正。問題文から自然に導ける正誤の最終判定は左欄原文の再転記後に再確認。 画像確認: 解答欄の○×表記は念のため再確認するが、主眼はQ/E文の再転記; 問題文左欄を原文どおりに再転記し、推測補完部分を除去; OCRで崩れた漢字・助詞・否定語・主語述語を原画像で確認; 問題文左欄・解説右欄を画像から直接転記し、要約文を置換. 参照: 0063 pageQ=228/pageA=229.,done,stale_gpt_review
KB2025-063-002,pending,危険類型: Q文逆推測補完 / OCR誤記. 不整合: answer_symbol=○ 自体は画像右欄確認ベースで維持。現状の主問題は Q/E の読取・転記不全で、Q文とE文はいずれもプレースホルダーまたはOCR要修正。問題文から自然に導ける正誤の最終判定は左欄原文の再転記後に再確認。 画像確認: 解答欄の○×表記は念のため再確認するが、主眼はQ/E文の再転記; 問題文左欄を原文どおりに再転記し、推測補完部分を除去; OCRで崩れた漢字・助詞・否定語・主語述語を原画像で確認; 問題文左欄・解説右欄を画像から直接転記し、要約文を置換. 参照: 0063 pageQ=228/pageA=229.,done,stale_gpt_review
KB2025-063-003,pending,危険類型: Q文逆推測補完 / OCR誤記. 不整合: answer_symbol=× 自体は画像右欄確認ベースで維持。現状の主問題は Q/E の読取・転記不全で、Q文とE文はいずれもプレースホルダーまたはOCR要修正。問題文から自然に導ける正誤の最終判定は左欄原文の再転記後に再確認。 画像確認: 解答欄の○×表記は念のため再確認するが、主眼はQ/E文の再転記; 問題文左欄を原文どおりに再転記し、推測補完部分を除去; OCRで崩れた漢字・助詞・否定語・主語述語を原画像で確認; 問題文左欄・解説右欄を画像から直接転記し、要約文を置換. 参照: 0063 pageQ=228/pageA=229.,done,stale_gpt_review
KB2025-063-004,pending,危険類型: Q文逆推測補完 / OCR誤記. 不整合: answer_symbol=○ 自体は画像右欄確認ベースで維持。現状の主問題は Q/E の読取・転記不全で、Q文とE文はいずれもプレースホルダーまたはOCR要修正。問題文から自然に導ける正誤の最終判定は左欄原文の再転記後に再確認。 画像確認: 解答欄の○×表記は念のため再確認するが、主眼はQ/E文の再転記; 問題文左欄を原文どおりに再転記し、推測補完部分を除去; OCRで崩れた漢字・助詞・否定語・主語述語を原画像で確認; 問題文左欄・解説右欄を画像から直接転記し、要約文を置換. 参照: 0063 pageQ=228/pageA=229.,done,stale_gpt_review
KB2025-063-005,pending,危険類型: Q文逆推測補完 / OCR誤記. 不整合: answer_symbol=× 自体は画像右欄確認ベースで維持。現状の主問題は Q/E の読取・転記不全で、Q文とE文はいずれもプレースホルダーまたはOCR要修正。問題文から自然に導ける正誤の最終判定は左欄原文の再転記後に再確認。 画像確認: 解答欄の○×表記は念のため再確認するが、主眼はQ/E文の再転記; 問題文左欄を原文どおりに再転記し、推測補完部分を除去; OCRで崩れた漢字・助詞・否定語・主語述語を原画像で確認; 問題文左欄・解説右欄を画像から直接転記し、要約文を置換. 参照: 0063 pageQ=228/pageA=229.,done,stale_gpt_review
KB2025-063-006,pending,危険類型: Q文逆推測補完 / OCR誤記. 不整合: answer_symbol=× 自体は画像右欄確認ベースで維持。現状の主問題は Q/E の読取・転記不全で、Q文とE文はいずれもプレースホルダーまたはOCR要修正。問題文から自然に導ける正誤の最終判定は左欄原文の再転記後に再確認。 画像確認: 解答欄の○×表記は念のため再確認するが、主眼はQ/E文の再転記; 問題文左欄を原文どおりに再転記し、推測補完部分を除去; OCRで崩れた漢字・助詞・否定語・主語述語を原画像で確認; 問題文左欄・解説右欄を画像から直接転記し、要約文を置換. 参照: 0063 pageQ=228/pageA=229.,done,stale_gpt_review
KB2025-064-002,pending,危険類型: Q文逆推測補完 / OCR誤記. 不整合: answer_symbol=○ 自体は画像右欄確認ベースで維持。現状の主問題は Q/E の読取・転記不全で、Q文とE文はいずれもプレースホルダーまたはOCR要修正。問題文から自然に導ける正誤の最終判定は左欄原文の再転記後に再確認。 画像確認: 解答欄の○×表記は念のため再確認するが、主眼はQ/E文の再転記; 問題文左欄を原文どおりに再転記し、推測補完部分を除去; OCRで崩れた漢字・助詞・否定語・主語述語を原画像で確認; 問題文左欄・解説右欄を画像から直接転記し、要約文を置換. 参照: 0064 pageQ=230/pageA=231.,done,stale_gpt_review
KB2025-064-004,pending,危険類型: Q文逆推測補完 / OCR誤記. 不整合: answer_symbol=○ 自体は画像右欄確認ベースで維持。現状の主問題は Q/E の読取・転記不全で、Q文とE文はいずれもプレースホルダーまたはOCR要修正。問題文から自然に導ける正誤の最終判定は左欄原文の再転記後に再確認。 画像確認: 解答欄の○×表記は念のため再確認するが、主眼はQ/E文の再転記; 問題文左欄を原文どおりに再転記し、推測補完部分を除去; OCRで崩れた漢字・助詞・否定語・主語述語を原画像で確認; 問題文左欄・解説右欄を画像から直接転記し、要約文を置換. 参照: 0064 pageQ=230/pageA=231.,done,stale_gpt_review
KB2025-064-006,pending,危険類型: Q文逆推測補完 / OCR誤記. 不整合: answer_symbol=○ 自体は画像右欄確認ベースで維持。現状の主問題は Q/E の読取・転記不全で、Q文とE文はいずれもプレースホルダーまたはOCR要修正。問題文から自然に導ける正誤の最終判定は左欄原文の再転記後に再確認。 画像確認: 解答欄の○×表記は念のため再確認するが、主眼はQ/E文の再転記; 問題文左欄を原文どおりに再転記し、推測補完部分を除去; OCRで崩れた漢字・助詞・否定語・主語述語を原画像で確認; 問題文左欄・解説右欄を画像から直接転記し、要約文を置換. 参照: 0064 pageQ=230/pageA=231.,done,stale_gpt_review
KB2025-064-007,pending,危険類型: Q文逆推測補完 / OCR誤記. 不整合: answer_symbol=× 自体は画像右欄確認ベースで維持。現状の主問題は Q/E の読取・転記不全で、Q文とE文はいずれもプレースホルダーまたはOCR要修正。問題文から自然に導ける正誤の最終判定は左欄原文の再転記後に再確認。 画像確認: 解答欄の○×表記は念のため再確認するが、主眼はQ/E文の再転記; 問題文左欄を原文どおりに再転記し、推測補完部分を除去; OCRで崩れた漢字・助詞・否定語・主語述語を原画像で確認; 問題文左欄・解説右欄を画像から直接転記し、要約文を置換. 参照: 0064 pageQ=230/pageA=231.,done,stale_gpt_review
KB2025-065-001,pending,危険類型: Q文逆推測補完 / OCR誤記. 不整合: answer_symbol=× 自体は画像右欄確認ベースで維持。現状の主問題は Q/E の読取・転記不全で、Q文とE文はいずれもプレースホルダーまたはOCR要修正。問題文から自然に導ける正誤の最終判定は左欄原文の再転記後に再確認。 画像確認: 解答欄の○×表記は念のため再確認するが、主眼はQ/E文の再転記; 問題文左欄を原文どおりに再転記し、推測補完部分を除去; OCRで崩れた漢字・助詞・否定語・主語述語を原画像で確認; 問題文左欄・解説右欄を画像から直接転記し、要約文を置換. 参照: 0065 pageQ=232/pageA=233.,done,stale_gpt_review
KB2025-065-002,pending,危険類型: Q文逆推測補完 / OCR誤記. 不整合: answer_symbol=× 自体は画像右欄確認ベースで維持。現状の主問題は Q/E の読取・転記不全で、Q文とE文はいずれもプレースホルダーまたはOCR要修正。問題文から自然に導ける正誤の最終判定は左欄原文の再転記後に再確認。 画像確認: 解答欄の○×表記は念のため再確認するが、主眼はQ/E文の再転記; 問題文左欄を原文どおりに再転記し、推測補完部分を除去; OCRで崩れた漢字・助詞・否定語・主語述語を原画像で確認; 問題文左欄・解説右欄を画像から直接転記し、要約文を置換. 参照: 0065 pageQ=232/pageA=233.,done,stale_gpt_review
KB2025-065-003,pending,危険類型: Q文逆推測補完 / OCR誤記. 不整合: answer_symbol=× 自体は画像右欄確認ベースで維持。現状の主問題は Q/E の読取・転記不全で、Q文とE文はいずれもプレースホルダーまたはOCR要修正。問題文から自然に導ける正誤の最終判定は左欄原文の再転記後に再確認。 画像確認: 解答欄の○×表記は念のため再確認するが、主眼はQ/E文の再転記; 問題文左欄を原文どおりに再転記し、推測補完部分を除去; OCRで崩れた漢字・助詞・否定語・主語述語を原画像で確認; 問題文左欄・解説右欄を画像から直接転記し、要約文を置換. 参照: 0065 pageQ=232/pageA=233.,done,stale_gpt_review
KB2025-065-004,pending,危険類型: Q文逆推測補完 / OCR誤記. 不整合: answer_symbol=× 自体は画像右欄確認ベースで維持。現状の主問題は Q/E の読取・転記不全で、Q文とE文はいずれもプレースホルダーまたはOCR要修正。問題文から自然に導ける正誤の最終判定は左欄原文の再転記後に再確認。 画像確認: 解答欄の○×表記は念のため再確認するが、主眼はQ/E文の再転記; 問題文左欄を原文どおりに再転記し、推測補完部分を除去; OCRで崩れた漢字・助詞・否定語・主語述語を原画像で確認; 問題文左欄・解説右欄を画像から直接転記し、要約文を置換. 参照: 0065 pageQ=232/pageA=233.,done,stale_gpt_review
KB2025-065-005,pending,危険類型: Q文逆推測補完 / OCR誤記. 不整合: answer_symbol=○ 自体は画像右欄確認ベースで維持。現状の主問題は Q/E の読取・転記不全で、Q文とE文はいずれもプレースホルダーまたはOCR要修正。問題文から自然に導ける正誤の最終判定は左欄原文の再転記後に再確認。 画像確認: 解答欄の○×表記は念のため再確認するが、主眼はQ/E文の再転記; 問題文左欄を原文どおりに再転記し、推測補完部分を除去; OCRで崩れた漢字・助詞・否定語・主語述語を原画像で確認; 問題文左欄・解説右欄を画像から直接転記し、要約文を置換. 参照: 0065 pageQ=232/pageA=233.,done,stale_gpt_review
KB2025-065-007,pending,危険類型: Q文逆推測補完 / OCR誤記. 不整合: answer_symbol=× 自体は画像右欄確認ベースで維持。現状の主問題は Q/E の読取・転記不全で、Q文とE文はいずれもプレースホルダーまたはOCR要修正。問題文から自然に導ける正誤の最終判定は左欄原文の再転記後に再確認。 画像確認: 解答欄の○×表記は念のため再確認するが、主眼はQ/E文の再転記; 問題文左欄を原文どおりに再転記し、推測補完部分を除去; OCRで崩れた漢字・助詞・否定語・主語述語を原画像で確認; 問題文左欄・解説右欄を画像から直接転記し、要約文を置換. 参照: 0065 pageQ=232/pageA=233.,done,stale_gpt_review
KB2025-065-008,pending,危険類型: Q文逆推測補完 / OCR誤記. 不整合: answer_symbol=× 自体は画像右欄確認ベースで維持。現状の主問題は Q/E の読取・転記不全で、Q文とE文はいずれもプレースホルダーまたはOCR要修正。問題文から自然に導ける正誤の最終判定は左欄原文の再転記後に再確認。 画像確認: 解答欄の○×表記は念のため再確認するが、主眼はQ/E文の再転記; 問題文左欄を原文どおりに再転記し、推測補完部分を除去; OCRで崩れた漢字・助詞・否定語・主語述語を原画像で確認; 問題文左欄・解説右欄を画像から直接転記し、要約文を置換. 参照: 0065 pageQ=232/pageA=233.,done,stale_gpt_review
KB2025-066-003,pending,危険類型: Q文逆推測補完 / OCR誤記. 不整合: answer_symbol=○ 自体は画像右欄確認ベースで維持。現状の主問題は Q/E の読取・転記不全で、Q文とE文はいずれもプレースホルダーまたはOCR要修正。問題文から自然に導ける正誤の最終判定は左欄原文の再転記後に再確認。 画像確認: 解答欄の○×表記は念のため再確認するが、主眼はQ/E文の再転記; 問題文左欄を原文どおりに再転記し、推測補完部分を除去; OCRで崩れた漢字・助詞・否定語・主語述語を原画像で確認; 問題文左欄・解説右欄を画像から直接転記し、要約文を置換. 参照: 0066 pageQ=234/pageA=235.,done,stale_gpt_review
KB2025-066-004,pending,危険類型: Q文逆推測補完 / OCR誤記. 不整合: answer_symbol=× 自体は画像右欄確認ベースで維持。現状の主問題は Q/E の読取・転記不全で、Q文とE文はいずれもプレースホルダーまたはOCR要修正。問題文から自然に導ける正誤の最終判定は左欄原文の再転記後に再確認。 画像確認: 解答欄の○×表記は念のため再確認するが、主眼はQ/E文の再転記; 問題文左欄を原文どおりに再転記し、推測補完部分を除去; OCRで崩れた漢字・助詞・否定語・主語述語を原画像で確認; 問題文左欄・解説右欄を画像から直接転記し、要約文を置換. 参照: 0066 pageQ=234/pageA=235.,done,stale_gpt_review
KB2025-066-005,pending,危険類型: Q文逆推測補完 / OCR誤記. 不整合: answer_symbol=× 自体は画像右欄確認ベースで維持。現状の主問題は Q/E の読取・転記不全で、Q文とE文はいずれもプレースホルダーまたはOCR要修正。問題文から自然に導ける正誤の最終判定は左欄原文の再転記後に再確認。 画像確認: 解答欄の○×表記は念のため再確認するが、主眼はQ/E文の再転記; 問題文左欄を原文どおりに再転記し、推測補完部分を除去; OCRで崩れた漢字・助詞・否定語・主語述語を原画像で確認; 問題文左欄・解説右欄を画像から直接転記し、要約文を置換. 参照: 0066 pageQ=234/pageA=235.,done,stale_gpt_review
KB2025-066-007,pending,危険類型: Q文逆推測補完 / OCR誤記. 不整合: answer_symbol=× 自体は画像右欄確認ベースで維持。現状の主問題は Q/E の読取・転記不全で、Q文とE文はいずれもプレースホルダーまたはOCR要修正。問題文から自然に導ける正誤の最終判定は左欄原文の再転記後に再確認。 画像確認: 解答欄の○×表記は念のため再確認するが、主眼はQ/E文の再転記; 問題文左欄を原文どおりに再転記し、推測補完部分を除去; OCRで崩れた漢字・助詞・否定語・主語述語を原画像で確認; 問題文左欄・解説右欄を画像から直接転記し、要約文を置換. 参照: 0066 pageQ=234/pageA=235.,done,stale_gpt_review
KB2025-068-005,pending,危険類型: Q文逆推測補完 / OCR誤記. 不整合: answer_symbol=× 自体は画像右欄確認ベースで維持。現状の主問題は Q/E の読取・転記不全で、Q文とE文はいずれもプレースホルダーまたはOCR要修正。問題文から自然に導ける正誤の最終判定は左欄原文の再転記後に再確認。 画像確認: 解答欄の○×表記は念のため再確認するが、主眼はQ/E文の再転記; 問題文左欄を原文どおりに再転記し、推測補完部分を除去; OCRで崩れた漢字・助詞・否定語・主語述語を原画像で確認; 問題文左欄・解説右欄を画像から直接転記し、要約文を置換. 参照: 0068 pageQ=238/pageA=239.,done,stale_gpt_review
KB2025-069-002,pending,危険類型: Q文逆推測補完 / OCR誤記. 不整合: answer_symbol=○ 自体は画像右欄確認ベースで維持。現状の主問題は Q/E の読取・転記不全で、Q文とE文はいずれもプレースホルダーまたはOCR要修正。問題文から自然に導ける正誤の最終判定は左欄原文の再転記後に再確認。 画像確認: 解答欄の○×表記は念のため再確認するが、主眼はQ/E文の再転記; 問題文左欄を原文どおりに再転記し、推測補完部分を除去; OCRで崩れた漢字・助詞・否定語・主語述語を原画像で確認; 問題文左欄・解説右欄を画像から直接転記し、要約文を置換. 参照: 0069 pageQ=240/pageA=241.,done,stale_gpt_review
KB2025-069-004,pending,危険類型: Q文逆推測補完 / OCR誤記. 不整合: answer_symbol=× 自体は画像右欄確認ベースで維持。現状の主問題は Q/E の読取・転記不全で、Q文とE文はいずれもプレースホルダーまたはOCR要修正。問題文から自然に導ける正誤の最終判定は左欄原文の再転記後に再確認。 画像確認: 解答欄の○×表記は念のため再確認するが、主眼はQ/E文の再転記; 問題文左欄を原文どおりに再転記し、推測補完部分を除去; OCRで崩れた漢字・助詞・否定語・主語述語を原画像で確認; 問題文左欄・解説右欄を画像から直接転記し、要約文を置換. 参照: 0069 pageQ=240/pageA=241.,done,stale_gpt_review
KB2025-069-005,pending,危険類型: Q文逆推測補完 / OCR誤記. 不整合: answer_symbol=× 自体は画像右欄確認ベースで維持。現状の主問題は Q/E の読取・転記不全で、Q文とE文はいずれもプレースホルダーまたはOCR要修正。問題文から自然に導ける正誤の最終判定は左欄原文の再転記後に再確認。 画像確認: 解答欄の○×表記は念のため再確認するが、主眼はQ/E文の再転記; 問題文左欄を原文どおりに再転記し、推測補完部分を除去; OCRで崩れた漢字・助詞・否定語・主語述語を原画像で確認; 問題文左欄・解説右欄を画像から直接転記し、要約文を置換. 参照: 0069 pageQ=240/pageA=241.,done,stale_gpt_review
KB2025-069-006,pending,危険類型: Q文逆推測補完 / OCR誤記. 不整合: answer_symbol=○ 自体は画像右欄確認ベースで維持。現状の主問題は Q/E の読取・転記不全で、Q文とE文はいずれもプレースホルダーまたはOCR要修正。問題文から自然に導ける正誤の最終判定は左欄原文の再転記後に再確認。 画像確認: 解答欄の○×表記は念のため再確認するが、主眼はQ/E文の再転記; 問題文左欄を原文どおりに再転記し、推測補完部分を除去; OCRで崩れた漢字・助詞・否定語・主語述語を原画像で確認; 問題文左欄・解説右欄を画像から直接転記し、要約文を置換. 参照: 0069 pageQ=240/pageA=241.,done,stale_gpt_review
KB2025-069-007,pending,危険類型: Q文逆推測補完 / OCR誤記. 不整合: answer_symbol=× 自体は画像右欄確認ベースで維持。現状の主問題は Q/E の読取・転記不全で、Q文とE文はいずれもプレースホルダーまたはOCR要修正。問題文から自然に導ける正誤の最終判定は左欄原文の再転記後に再確認。 画像確認: 解答欄の○×表記は念のため再確認するが、主眼はQ/E文の再転記; 問題文左欄を原文どおりに再転記し、推測補完部分を除去; OCRで崩れた漢字・助詞・否定語・主語述語を原画像で確認; 問題文左欄・解説右欄を画像から直接転記し、要約文を置換. 参照: 0069 pageQ=240/pageA=241.,done,stale_gpt_review
KB2025-069-008,pending,危険類型: Q文逆推測補完 / OCR誤記. 不整合: answer_symbol=× 自体は画像右欄確認ベースで維持。現状の主問題は Q/E の読取・転記不全で、Q文とE文はいずれもプレースホルダーまたはOCR要修正。問題文から自然に導ける正誤の最終判定は左欄原文の再転記後に再確認。 画像確認: 解答欄の○×表記は念のため再確認するが、主眼はQ/E文の再転記; 問題文左欄を原文どおりに再転記し、推測補完部分を除去; OCRで崩れた漢字・助詞・否定語・主語述語を原画像で確認; 問題文左欄・解説右欄を画像から直接転記し、要約文を置換. 参照: 0069 pageQ=240/pageA=241.,done,stale_gpt_review
KB2025-070-002,pending,危険類型: Q文逆推測補完 / OCR誤記. 不整合: answer_symbol=× 自体は画像右欄確認ベースで維持。現状の主問題は Q/E の読取・転記不全で、Q文とE文はいずれもプレースホルダーまたはOCR要修正。問題文から自然に導ける正誤の最終判定は左欄原文の再転記後に再確認。 画像確認: 解答欄の○×表記は念のため再確認するが、主眼はQ/E文の再転記; 問題文左欄を原文どおりに再転記し、推測補完部分を除去; OCRで崩れた漢字・助詞・否定語・主語述語を原画像で確認; 問題文左欄・解説右欄を画像から直接転記し、要約文を置換. 参照: 0070 pageQ=242/pageA=243.,done,stale_gpt_review
KB2025-070-003,pending,危険類型: Q文逆推測補完 / OCR誤記. 不整合: answer_symbol=○ 自体は画像右欄確認ベースで維持。現状の主問題は Q/E の読取・転記不全で、Q文とE文はいずれもプレースホルダーまたはOCR要修正。問題文から自然に導ける正誤の最終判定は左欄原文の再転記後に再確認。 画像確認: 解答欄の○×表記は念のため再確認するが、主眼はQ/E文の再転記; 問題文左欄を原文どおりに再転記し、推測補完部分を除去; OCRで崩れた漢字・助詞・否定語・主語述語を原画像で確認; 問題文に「ただし」等の留保や追加文がないか確認; 問題文左欄・解説右欄を画像から直接転記し、要約文を置換. 参照: 0070 pageQ=242/pageA=243.,done,stale_gpt_review
KB2025-070-004,pending,危険類型: Q文逆推測補完 / OCR誤記. 不整合: answer_symbol=× 自体は画像右欄確認ベースで維持。現状の主問題は Q/E の読取・転記不全で、Q文とE文はいずれもプレースホルダーまたはOCR要修正。問題文から自然に導ける正誤の最終判定は左欄原文の再転記後に再確認。 画像確認: 解答欄の○×表記は念のため再確認するが、主眼はQ/E文の再転記; 問題文左欄を原文どおりに再転記し、推測補完部分を除去; OCRで崩れた漢字・助詞・否定語・主語述語を原画像で確認; 問題文左欄・解説右欄を画像から直接転記し、要約文を置換. 参照: 0070 pageQ=242/pageA=243.,done,stale_gpt_review
KB2025-070-005,pending,危険類型: Q文逆推測補完 / OCR誤記. 不整合: answer_symbol=× 自体は画像右欄確認ベースで維持。現状の主問題は Q/E の読取・転記不全で、Q文とE文はいずれもプレースホルダーまたはOCR要修正。問題文から自然に導ける正誤の最終判定は左欄原文の再転記後に再確認。 画像確認: 解答欄の○×表記は念のため再確認するが、主眼はQ/E文の再転記; 問題文左欄を原文どおりに再転記し、推測補完部分を除去; OCRで崩れた漢字・助詞・否定語・主語述語を原画像で確認; 問題文左欄・解説右欄を画像から直接転記し、要約文を置換. 参照: 0070 pageQ=242/pageA=243.,done,stale_gpt_review
KB2025-070-006,pending,危険類型: Q文逆推測補完 / OCR誤記. 不整合: answer_symbol=× 自体は画像右欄確認ベースで維持。現状の主問題は Q/E の読取・転記不全で、Q文とE文はいずれもプレースホルダーまたはOCR要修正。問題文から自然に導ける正誤の最終判定は左欄原文の再転記後に再確認。 画像確認: 解答欄の○×表記は念のため再確認するが、主眼はQ/E文の再転記; 問題文左欄を原文どおりに再転記し、推測補完部分を除去; OCRで崩れた漢字・助詞・否定語・主語述語を原画像で確認; 問題文左欄・解説右欄を画像から直接転記し、要約文を置換. 参照: 0070 pageQ=242/pageA=243.,done,stale_gpt_review
KB2025-071-001,pending,危険類型: Q文逆推測補完 / OCR誤記. 不整合: answer_symbol=× 自体は画像右欄確認ベースで維持。現状の主問題は Q/E の読取・転記不全で、Q文とE文はいずれもプレースホルダーまたはOCR要修正。問題文から自然に導ける正誤の最終判定は左欄原文の再転記後に再確認。 画像確認: 解答欄の○×表記は念のため再確認するが、主眼はQ/E文の再転記; 問題文左欄を原文どおりに再転記し、推測補完部分を除去; OCRで崩れた漢字・助詞・否定語・主語述語を原画像で確認; 問題文左欄・解説右欄を画像から直接転記し、要約文を置換. 参照: 0071 pageQ=244/pageA=245.,done,stale_gpt_review
KB2025-071-002,pending,危険類型: Q文逆推測補完 / OCR誤記. 不整合: answer_symbol=○ 自体は画像右欄確認ベースで維持。現状の主問題は Q/E の読取・転記不全で、Q文とE文はいずれもプレースホルダーまたはOCR要修正。問題文から自然に導ける正誤の最終判定は左欄原文の再転記後に再確認。 画像確認: 解答欄の○×表記は念のため再確認するが、主眼はQ/E文の再転記; 問題文左欄を原文どおりに再転記し、推測補完部分を除去; OCRで崩れた漢字・助詞・否定語・主語述語を原画像で確認; 問題文左欄・解説右欄を画像から直接転記し、要約文を置換. 参照: 0071 pageQ=244/pageA=245.,done,stale_gpt_review
KB2025-071-003,pending,危険類型: Q文逆推測補完 / OCR誤記. 不整合: answer_symbol=× 自体は画像右欄確認ベースで維持。現状の主問題は Q/E の読取・転記不全で、Q文とE文はいずれもプレースホルダーまたはOCR要修正。問題文から自然に導ける正誤の最終判定は左欄原文の再転記後に再確認。 画像確認: 解答欄の○×表記は念のため再確認するが、主眼はQ/E文の再転記; 問題文左欄を原文どおりに再転記し、推測補完部分を除去; OCRで崩れた漢字・助詞・否定語・主語述語を原画像で確認; 問題文左欄・解説右欄を画像から直接転記し、要約文を置換. 参照: 0071 pageQ=244/pageA=245.,done,stale_gpt_review
KB2025-071-006,pending,危険類型: Q文逆推測補完 / OCR誤記. 不整合: answer_symbol=× 自体は画像右欄確認ベースで維持。現状の主問題は Q/E の読取・転記不全で、Q文とE文はいずれもプレースホルダーまたはOCR要修正。問題文から自然に導ける正誤の最終判定は左欄原文の再転記後に再確認。 画像確認: 解答欄の○×表記は念のため再確認するが、主眼はQ/E文の再転記; 問題文左欄を原文どおりに再転記し、推測補完部分を除去; OCRで崩れた漢字・助詞・否定語・主語述語を原画像で確認; 問題文に「ただし」等の留保や追加文がないか確認; 問題文左欄・解説右欄を画像から直接転記し、要約文を置換. 参照: 0071 pageQ=244/pageA=245.,done,stale_gpt_review
KB2025-072-004,pending,危険類型: Q文逆推測補完 / OCR誤記. 不整合: answer_symbol=○ 自体は画像右欄確認ベースで維持。現状の主問題は Q/E の読取・転記不全で、Q文とE文はいずれもプレースホルダーまたはOCR要修正。問題文から自然に導ける正誤の最終判定は左欄原文の再転記後に再確認。 画像確認: 解答欄の○×表記は念のため再確認するが、主眼はQ/E文の再転記; 問題文左欄を原文どおりに再転記し、推測補完部分を除去; OCRで崩れた漢字・助詞・否定語・主語述語を原画像で確認; 問題文左欄・解説右欄を画像から直接転記し、要約文を置換. 参照: 0072 pageQ=246/pageA=247.,done,stale_gpt_review
KB2025-072-005,pending,危険類型: Q文逆推測補完 / OCR誤記. 不整合: answer_symbol=× 自体は画像右欄確認ベースで維持。現状の主問題は Q/E の読取・転記不全で、Q文とE文はいずれもプレースホルダーまたはOCR要修正。問題文から自然に導ける正誤の最終判定は左欄原文の再転記後に再確認。 画像確認: 解答欄の○×表記は念のため再確認するが、主眼はQ/E文の再転記; 問題文左欄を原文どおりに再転記し、推測補完部分を除去; OCRで崩れた漢字・助詞・否定語・主語述語を原画像で確認; 問題文左欄・解説右欄を画像から直接転記し、要約文を置換. 参照: 0072 pageQ=246/pageA=247.,done,stale_gpt_review
KB2025-072-006,pending,危険類型: Q文逆推測補完 / OCR誤記. 不整合: answer_symbol=○ 自体は画像右欄確認ベースで維持。現状の主問題は Q/E の読取・転記不全で、Q文とE文はいずれもプレースホルダーまたはOCR要修正。問題文から自然に導ける正誤の最終判定は左欄原文の再転記後に再確認。 画像確認: 解答欄の○×表記は念のため再確認するが、主眼はQ/E文の再転記; 問題文左欄を原文どおりに再転記し、推測補完部分を除去; OCRで崩れた漢字・助詞・否定語・主語述語を原画像で確認; 問題文左欄・解説右欄を画像から直接転記し、要約文を置換. 参照: 0072 pageQ=246/pageA=247.,done,stale_gpt_review
KB2025-072-007,pending,危険類型: Q文逆推測補完 / OCR誤記. 不整合: answer_symbol=○ 自体は画像右欄確認ベースで維持。現状の主問題は Q/E の読取・転記不全で、Q文とE文はいずれもプレースホルダーまたはOCR要修正。問題文から自然に導ける正誤の最終判定は左欄原文の再転記後に再確認。 画像確認: 解答欄の○×表記は念のため再確認するが、主眼はQ/E文の再転記; 問題文左欄を原文どおりに再転記し、推測補完部分を除去; OCRで崩れた漢字・助詞・否定語・主語述語を原画像で確認; 問題文左欄・解説右欄を画像から直接転記し、要約文を置換. 参照: 0072 pageQ=246/pageA=247.,done,stale_gpt_review
KB2025-072-008,pending,危険類型: Q文逆推測補完 / OCR誤記. 不整合: answer_symbol=× 自体は画像右欄確認ベースで維持。現状の主問題は Q/E の読取・転記不全で、Q文とE文はいずれもプレースホルダーまたはOCR要修正。問題文から自然に導ける正誤の最終判定は左欄原文の再転記後に再確認。 画像確認: 解答欄の○×表記は念のため再確認するが、主眼はQ/E文の再転記; 問題文左欄を原文どおりに再転記し、推測補完部分を除去; OCRで崩れた漢字・助詞・否定語・主語述語を原画像で確認; 問題文左欄・解説右欄を画像から直接転記し、要約文を置換. 参照: 0072 pageQ=246/pageA=247.,done,stale_gpt_review
KB2025-074-002,pending,危険類型: Q文逆推測補完 / OCR誤記. 不整合: answer_symbol=× 自体は画像右欄確認ベースで維持。現状の主問題は Q/E の読取・転記不全で、Q文とE文はいずれもプレースホルダーまたはOCR要修正。問題文から自然に導ける正誤の最終判定は左欄原文の再転記後に再確認。 画像確認: 解答欄の○×表記は念のため再確認するが、主眼はQ/E文の再転記; 問題文左欄を原文どおりに再転記し、推測補完部分を除去; OCRで崩れた漢字・助詞・否定語・主語述語を原画像で確認; 問題文左欄・解説右欄を画像から直接転記し、要約文を置換. 参照: 0074 pageQ=250/pageA=251.,done,stale_gpt_review
KB2025-074-003,pending,危険類型: Q文逆推測補完 / OCR誤記. 不整合: answer_symbol=○ 自体は画像右欄確認ベースで維持。現状の主問題は Q/E の読取・転記不全で、Q文とE文はいずれもプレースホルダーまたはOCR要修正。問題文から自然に導ける正誤の最終判定は左欄原文の再転記後に再確認。 画像確認: 解答欄の○×表記は念のため再確認するが、主眼はQ/E文の再転記; 問題文左欄を原文どおりに再転記し、推測補完部分を除去; OCRで崩れた漢字・助詞・否定語・主語述語を原画像で確認; 問題文左欄・解説右欄を画像から直接転記し、要約文を置換. 参照: 0074 pageQ=250/pageA=251.,done,stale_gpt_review
KB2025-074-004,pending,危険類型: Q文逆推測補完 / OCR誤記. 不整合: answer_symbol=○ 自体は画像右欄確認ベースで維持。現状の主問題は Q/E の読取・転記不全で、Q文とE文はいずれもプレースホルダーまたはOCR要修正。問題文から自然に導ける正誤の最終判定は左欄原文の再転記後に再確認。 画像確認: 解答欄の○×表記は念のため再確認するが、主眼はQ/E文の再転記; 問題文左欄を原文どおりに再転記し、推測補完部分を除去; OCRで崩れた漢字・助詞・否定語・主語述語を原画像で確認; 問題文左欄・解説右欄を画像から直接転記し、要約文を置換. 参照: 0074 pageQ=250/pageA=251.,done,stale_gpt_review
KB2025-074-005,pending,危険類型: Q文逆推測補完 / OCR誤記. 不整合: answer_symbol=× 自体は画像右欄確認ベースで維持。現状の主問題は Q/E の読取・転記不全で、Q文とE文はいずれもプレースホルダーまたはOCR要修正。問題文から自然に導ける正誤の最終判定は左欄原文の再転記後に再確認。 画像確認: 解答欄の○×表記は念のため再確認するが、主眼はQ/E文の再転記; 問題文左欄を原文どおりに再転記し、推測補完部分を除去; OCRで崩れた漢字・助詞・否定語・主語述語を原画像で確認; 問題文左欄・解説右欄を画像から直接転記し、要約文を置換. 参照: 0074 pageQ=250/pageA=251.,done,stale_gpt_review
KB2025-075-003,pending,危険類型: Q文逆推測補完 / OCR誤記 / 数値要件不一致. 不整合: 現状のCSV読取だけでは Q文・E文・answer_symbol の三者整合が不安定。特に Q文とE文の論理矛盾、Q文から自然に導ける正誤と answer_symbol=○ の一致可否を画像原文で確認。 画像確認: 問題文左欄を原文どおりに再転記し、推測補完部分を除去; OCRで崩れた漢字・助詞・否定語・主語述語を原画像で確認; 数値要件・多数決要件・期間（例: 過半数、3年、5年、日数）を確認; 問題文左欄・解説右欄を画像から直接転記し、要約文を置換. 参照: 0075 pageQ=252/pageA=253.,done,stale_gpt_review
KB2025-101-007,pending,危険類型: E文矛盾. 不整合: answer_symbol=× 自体は画像右欄確認ベースで維持。現状の主問題は Q/E の読取・転記不全で、Q文とE文はいずれもプレースホルダーまたはOCR要修正。問題文から自然に導ける正誤の最終判定は左欄原文の再転記後に再確認。 画像確認: 解答欄の○×表記は念のため再確認するが、主眼はQ/E文の再転記; 解説右欄の結論文（本肢は正しい／誤り、本肢のとおり 等）が○×と一致するか確認. 参照: 0101 pageQ=304/pageA=305.,done,stale_gpt_review
KB2025-104-006,pending,危険類型: E文矛盾 / 限定語欠落. 不整合: 現状テキストだけ読むと Q文は誤り方向に見える一方、answer_symbol=○ でズレがある。Q文の否定語・主体・限定語・数値要件のOCR崩れ有無を確認し、Q文/E文/answer_symbol の整合を取り直す。 画像確認: 限定語（必ず／直ちに／あらかじめ／原則として／ただし／一律に 等）の有無を確認; 解説右欄の結論文（本肢は正しい／誤り、本肢のとおり 等）が○×と一致するか確認. 参照: 0104 pageQ=310/pageA=311.,done,stale_gpt_review
KB2025-108-001,pending,危険類型: answer_symbol疑義 / Q文逆推測補完 / OCR誤記 / 限定語欠落. 不整合: 現状テキストだけ読むと Q文は正しい方向に見える一方、answer_symbol=× でズレがある。原因候補は Q文のOCR欠落・逆推測補完、限定語欠落、又はE文側の補完誤り。Q文/E文/answer_symbol の三者整合を画像原文で再確認。 画像確認: 解答欄の○×表記を確認; 問題文左欄を原文どおりに再転記し、推測補完部分を除去; OCRで崩れた漢字・助詞・否定語・主語述語を原画像で確認; 限定語（必ず／直ちに／あらかじめ／原則として／ただし／一律に 等）の有無を確認. 参照: 0108 pageQ=318/pageA=319.,done,stale_gpt_review
KB2025-122-001,pending,危険類型: answer_symbol疑義 / Q文逆推測補完. 不整合: 現状テキストだけ読むと Q文は正しい方向に見える一方、answer_symbol=× でズレがある。原因候補は Q文のOCR欠落・逆推測補完、限定語欠落、又はE文側の補完誤り。Q文/E文/answer_symbol の三者整合を画像原文で再確認。 画像確認: 解答欄の○×表記を確認; 問題文左欄を原文どおりに再転記し、推測補完部分を除去. 参照: 0122 pageQ=346/pageA=347.,done,stale_gpt_review
KB2025-134-001,pending,危険類型: answer_symbol疑義 / Q文逆推測補完 / OCR誤記. 不整合: 現状テキストだけ読むと Q文は正しい方向に見える一方、answer_symbol=× でズレがある。原因候補は Q文のOCR欠落・逆推測補完、限定語欠落、又はE文側の補完誤り。Q文/E文/answer_symbol の三者整合を画像原文で再確認。 画像確認: 解答欄の○×表記を確認; 問題文左欄を原文どおりに再転記し、推測補完部分を除去; OCRで崩れた漢字・助詞・否定語・主語述語を原画像で確認. 参照: 0134 pageQ=370/pageA=371.,done,stale_gpt_review
KB2025-139-005,pending,危険類型: OCR誤記 / E文矛盾. 不整合: Q文とanswer_symbol=○ は一定程度読めるが、E文に補完誤記または結論逆転の疑いがある。E文末尾の『本肢は正しい／誤り』『本肢のとおりである』等が answer_symbol と整合するか重点確認。 画像確認: 解答欄の○×表記は念のため再確認するが、主眼はQ/E文の再転記; OCRで崩れた漢字・助詞・否定語・主語述語を原画像で確認; 解説右欄の結論文（本肢は正しい／誤り、本肢のとおり 等）が○×と一致するか確認; E文に混入した結論文の誤記有無を確認. 参照: 0139 pageQ=380/pageA=381.,done,stale_gpt_review
KB2025-144-004,pending,危険類型: answer_symbol疑義 / Q文逆推測補完 / 数値要件不一致. 不整合: 現状テキストだけ読むと Q文は正しい方向に見える一方、answer_symbol=× でズレがある。原因候補は Q文のOCR欠落・逆推測補完、限定語欠落、又はE文側の補完誤り。Q文/E文/answer_symbol の三者整合を画像原文で再確認。 画像確認: 解答欄の○×表記を確認; 問題文左欄を原文どおりに再転記し、推測補完部分を除去; 数値要件・多数決要件・期間（例: 過半数、3年、5年、日数）を確認. 参照: 0144 pageQ=390/pageA=391.,done,stale_gpt_review
KB2025-148-003,pending,危険類型: answer_symbol疑義 / OCR誤記. 不整合: 現状テキストだけ読むと Q文は正しい方向に見える一方、answer_symbol=× でズレがある。原因候補は Q文のOCR欠落・逆推測補完、限定語欠落、又はE文側の補完誤り。Q文/E文/answer_symbol の三者整合を画像原文で再確認。 画像確認: 解答欄の○×表記を確認; OCRで崩れた漢字・助詞・否定語・主語述語を原画像で確認. 参照: 0148 pageQ=398/pageA=399.,done,stale_gpt_review
KB2025-165-002,pending,危険類型: Q文逆推測補完 / 限定語欠落. 不整合: answer_symbol=○ 自体は画像右欄確認ベースで維持。現状の主問題は Q/E の読取・転記不全で、Q文とE文はいずれもプレースホルダーまたはOCR要修正。問題文から自然に導ける正誤の最終判定は左欄原文の再転記後に再確認。 画像確認: 解答欄の○×表記は念のため再確認するが、主眼はQ/E文の再転記; 問題文左欄を原文どおりに再転記し、推測補完部分を除去; 限定語（必ず／直ちに／あらかじめ／原則として／ただし／一律に 等）の有無を確認. 参照: 0165 pageQ=432/pageA=433.,done,stale_gpt_review
KB2025-172-001,pending,危険類型: 数値要件不一致. 不整合: 現状のCSV読取だけでは Q文・E文・answer_symbol の三者整合が不安定。特に Q文とE文の論理矛盾、Q文から自然に導ける正誤と answer_symbol=× の一致可否を画像原文で確認。 画像確認: 数値要件・多数決要件・期間（例: 過半数、3年、5年、日数）を確認. 参照: 0172 pageQ=446/pageA=447.,done,stale_gpt_review
KB2025-177-001,pending,危険類型: OCR誤記 / 限定語欠落. 不整合: answer_symbol=○ 自体は画像右欄確認ベースで維持。現状の主問題は Q/E の読取・転記不全で、Q文とE文はいずれもプレースホルダーまたはOCR要修正。問題文から自然に導ける正誤の最終判定は左欄原文の再転記後に再確認。 画像確認: 解答欄の○×表記は念のため再確認するが、主眼はQ/E文の再転記; OCRで崩れた漢字・助詞・否定語・主語述語を原画像で確認; 限定語（必ず／直ちに／あらかじめ／原則として／ただし／一律に 等）の有無を確認. 参照: 0177 pageQ=456/pageA=457.,done,stale_gpt_review
KB2025-179-006,pending,危険類型: 限定語欠落. 不整合: 現状のCSV読取だけでは Q文・E文・answer_symbol の三者整合が不安定。特に Q文とE文の論理矛盾、Q文から自然に導ける正誤と answer_symbol=○ の一致可否を画像原文で確認。 画像確認: 限定語（必ず／直ちに／あらかじめ／原則として／ただし／一律に 等）の有無を確認. 参照: 0179 pageQ=460/pageA=461.,done,stale_gpt_review
KB2025-184-004,pending,危険類型: Q文逆推測補完 / 限定語欠落. 不整合: answer_symbol=○ 自体は画像右欄確認ベースで維持。現状の主問題は Q/E の読取・転記不全で、Q文とE文はいずれもプレースホルダーまたはOCR要修正。問題文から自然に導ける正誤の最終判定は左欄原文の再転記後に再確認。 画像確認: 解答欄の○×表記は念のため再確認するが、主眼はQ/E文の再転記; 問題文左欄を原文どおりに再転記し、推測補完部分を除去; 限定語（必ず／直ちに／あらかじめ／原則として／ただし／一律に 等）の有無を確認. 参照: 0184 pageQ=470/pageA=471.,done,stale_gpt_review
