record_id,image_seq,subject,section_title,question_no,rank_label,past_exam_refs,question_text,answer_symbol,answer_boolean,explanation_text,source_page_question,source_page_answer,source_image,tags,issue_flag,issue_type,issue_detail,remarks,gpt_check_status,gpt_check_note,human_check_status,human_check_note,final_status
KB2025-001-001,001,憲法,内閣,2,B,,内閣は条約を締結する場合には、必ず当該条約の締結前に国会の承認を経ることが必要である。,×,false,憲法73条3号但書は、時宜によっては国会の事後承認を認めているから、事前承認を必ず必要とする本肢は誤っている。,,,0001.png,内閣|条約締結|国会承認,1,出典不明,左欄の出典コードが小字で読み切れず,past_exam_refsは未転記（左欄小字のため）,pending,,,pending,,draft
KB2025-001-002,001,憲法,内閣,3,B,,"内閣は、事前に、時宜によっては事後に、国会の承認を経て条約を締結するが、やむを得ない事情があれば、事前または事後の国会の承認なく条約を締結できる。",×,false,"内閣は、条約締結権を有するが（憲法73条3号本文）、事前に時宜によっては事後に国会の承認が必要である（73条3号ただし書）。やむを得ない事情があれば、国会の承認なく条約を締結できるとする例外規定はないため、後段は誤っている。",,,0001.png,内閣|条約締結|国会承認,1,出典不明,左欄の出典コードが小字で読み切れず,past_exam_refsは未転記,pending,,,pending,,draft
KB2025-001-003,001,憲法,内閣,4,B,,"内閣は、憲法及び法律の規定を実施するために、政令及び省令を制定する。",×,false,"内閣は「政令」を制定することができる（憲法73条6号）。しかし、「省令」は各省庁大臣が制定する命令であり、内閣が制定するものではないから、本肢は誤っている。",,,0001.png,内閣|政令|省令,1,出典不明,左欄の出典コードが小字で読み切れず,past_exam_refsは未転記,pending,,,pending,,draft
KB2025-001-004,001,憲法,内閣,5,B,,"内閣は、実質的にみて、立法権を行使することがある。",○,true,"内閣は、憲法および法律の規定を実施するために、政令を制定する（憲法73条6号本文）。したがって、内閣は、実質的にみて、立法権を行使することがあるといえる。",,,0001.png,内閣|立法権|政令,1,出典不明,左欄の出典コードが小字で読み切れず,past_exam_refsは未転記,pending,,,pending,,draft
KB2025-001-005,001,憲法,内閣,6,B,,"内閣が政令を制定する場合、政令には、特にその法律の委任がある場合を除いては、罰則を設けることができない。",○,true,内閣が政令を制定する場合には、特にその法律の委任がある場合を除いては、罰則を設けることができない（憲法73条6号但書）。,,,0001.png,内閣|政令|罰則|委任,1,出典不明,左欄の出典コードが小字で読み切れず,past_exam_refsは未転記,pending,,,pending,,draft
KB2025-001-006,001,憲法,内閣,7,B,,"大赦、特赦、減刑、刑の執行の免除及び復権の決定は、内閣が行う。",○,true,"内閣は、大赦、特赦、減刑、刑の執行の免除および復権を決定する事務を行う（憲法73条7号）。",,,0001.png,内閣|大赦|特赦|恩赦,1,出典不明,左欄の出典コードが小字で読み切れず,past_exam_refsは未転記,pending,,,pending,,draft
KB2025-001-007,001,憲法,内閣,8,B,,"内閣は、いずれかの議院の総議員の4分の1以上の要求があれば、必ず臨時会の召集を決定しなければならないが、独自の判断で臨時会の召集を決定することはできない。",×,false,"内閣は、臨時会の召集が必要であると判断すれば、独自にその召集を決定できるから（憲法53条前段）、後段は誤っている。なお、内閣は、いずれかの議院の総議員の4分の1以上の要求があれば、その召集を決定しなければならないから（53条後段）、前段は正しい。",,,0001.png,内閣|臨時国会|召集,1,出典不明,左欄の出典コードが小字で読み切れず,past_exam_refsは未転記,pending,,,pending,,draft
KB2025-001-008,001,憲法,内閣,9,B,,"内閣は、いずれかの議院の総議員の4分の1以上の要求がなければ、臨時会の召集を決定することができない。",×,false,"内閣は、臨時会の召集を独自の判断で決定することができるから（憲法53条前段）、本肢は誤っている。",,,0001.png,内閣|臨時国会|召集,1,出典不明,左欄の出典コードが小字で読み切れず,past_exam_refsは未転記,pending,,,pending,,draft
KB2025-001-009,001,憲法,内閣,10,B,,"いずれかの議院の総議員の5分の1以上の要求があれば、内閣は、臨時会の召集を決定しなければならない。",×,false,"内閣が臨時会の召集を決定しなければならないのは、いずれかの議院の総議員の「4分の1」以上の要求があった場合であり（憲法53条後段）、「5分の1」ではないから、本肢は誤っている。",,,0001.png,内閣|臨時国会|召集|5分の1,1,出典不明,左欄の出典コードが小字で読み切れず,past_exam_refsは未転記,pending,,,pending,,draft
KB2025-002-001,002,憲法,内閣,11,B,,参議院の緊急集会を求めることは、内閣の権能である。,○,true,"内閣は、国に緊急の必要があるときは、参議院の緊急集会を求めることができる（憲法54条2項但書）。",,,0002.png,内閣|参議院|緊急集会,1,出典不明,左欄の出典コードが小字で読み切れず,past_exam_refsは未転記,pending,,,pending,,draft
KB2025-002-002,002,憲法,内閣,12,B,,"「外交関係を処理すること」、「大赦・特赦・減刑・刑の執行の免除及び復権を決定すること」、「条約を締結すること」、「政令を制定すること」は、いずれも内閣の権能に含まれる。",○,true,右欄解説で複数の内閣権能（憲法73条各号）を確認しているが文字が小さく解説全文の読取が困難。answer_symbolは右欄冒頭「12 ○」から判断。,,,0002.png,内閣|外交|大赦|政令|条約,1,読取揺れ,問題文・解説ともに一部読取困難,問題文は左欄から読み取った範囲。解説全文は完全転記できず。問題文の完全性に不安あり,pending,,,pending,,draft
KB2025-002-003,002,憲法,内閣,13,B,,"「政令の制定」と「条約の締結」は内閣の権能（憲法73条）として列挙されているが、「国会の解散」は同条には列挙されておらず、内閣の権能とは別に規定されている。",○,true,"国会の解散権は憲法73条に列挙されていないが、69条・7条3号に基づき実質的に内閣の権能として認められる。右欄解説は小字のため完全転記困難。",,,0002.png,内閣|国会解散|政令|条約,1,読取揺れ,問題文・解説とも一部読取困難,問題文は文脈から補完した可能性あり。原本画像との照合要,pending,,,pending,,draft
KB2025-002-004,002,憲法,内閣総理大臣の権能,1,B,,"内閣総理大臣は、内閣を代表して議案を国会に提出し、一般国務及び外交関係について国会に報告し、行政各部を指揮監督するほか、法律を誠実に執行し、国務を総理する。",×,false,"内閣総理大臣の権能は「内閣を代表して議案を国会に提出」「一般国務及び外交関係について国会に報告」「行政各部の指揮監督」（憲法72条）であり、「法律を誠実に執行し、国務を総理する」は内閣全体の権能（73条1号）であって内閣総理大臣固有の権能ではない。",,,0002.png,内閣総理大臣|法律執行|国務総理,1,読取揺れ,問題文末尾部分が小字で読み切れず,question_text末尾は解説から逆算した可能性あり。原本照合要,pending,,,pending,,draft
KB2025-002-005,002,憲法,内閣総理大臣の権能,2,B,,"内閣総理大臣は、内閣を代表して議案を国会に提出することができる。",○,true,"内閣総理大臣は、内閣を代表して（法律案を含む）議案を国会に提出する権能を有する（憲法72条）。",,,0002.png,内閣総理大臣|議案提出,1,出典不明,左欄出典コード読取困難,past_exam_refsは未転記,pending,,,pending,,draft
KB2025-002-006,002,憲法,内閣総理大臣の権能,3,B,,"法律案は、内閣総理大臣が内閣を代表して国会に提出する。",○,true,"法律案も「議案」に含まれ、内閣総理大臣が内閣を代表して国会に提出できる（憲法72条）。",,,0002.png,内閣総理大臣|法律案|議案提出,1,読取揺れ,問題文の表現が小字で読み切れず,question_textは右欄解説と照合して補完した可能性あり。原本照合要,pending,,,pending,,draft
KB2025-002-007,002,憲法,内閣総理大臣の権能,4,B,,[問題文読取困難],×,false,[解説読取困難],,,0002.png,内閣総理大臣,1,問題文欠損,問題文・解説ともに小字で読み取れず,answer_symbolのみ右欄冒頭「4 ×」から確認。原本照合必須,pending,,,pending,,draft
KB2025-003-001,003,憲法,内閣総理大臣の権能,5,A,,"内閣総理大臣は、閣議の決定を経て国務大臣を罷免することができるが、国会において国務大臣の不信任の決議が可決された場合は、閣議の決定を経ずに国務大臣を罷免することができる。",×,false,"内閣総理大臣は、閣議の決定を経て国務大臣を罷免することができる（憲法68条2項）。憲法上、閣議の決定を経ずに罷免できるとする例外規定は存在しないため、本肢は誤っている。",110,111,0003.png,内閣総理大臣|国務大臣|罷免|閣議,1,読取揺れ,question_text末尾の正確な表現に不安あり,answer_symbolは右欄「5 ×」から明確に確認。解説は右欄から読取。原本照合推奨,pending,,,pending,,draft
KB2025-003-002,003,憲法,内閣総理大臣の権能,6,B,,[問題文読取困難],○,true,[解説読取困難],110,111,0003.png,内閣総理大臣|国務大臣,1,問題文欠損,question_text・explanation_textともに小字で読み取れず,answer_symbolのみ右欄冒頭「6 ○」から確認。原本照合必須,pending,,,pending,,draft
KB2025-003-003,003,憲法,内閣総理大臣の権能,7,B,,[問題文読取困難],○,true,[解説読取困難],110,111,0003.png,内閣総理大臣|行政各部|指揮監督,1,問題文欠損,question_text・explanation_textともに小字で読み取れず,answer_symbolのみ右欄冒頭「7 ○」から確認。原本照合必須,pending,,,pending,,draft
KB2025-003-004,003,憲法,内閣総理大臣の権能,8,B,,[問題文読取困難],×,false,[解説読取困難],110,111,0003.png,内閣総理大臣|法律案|政令,1,問題文欠損,question_text・explanation_textともに小字で読み取れず,answer_symbolのみ右欄冒頭「8 ×」から確認。原本照合必須,pending,,,pending,,draft
KB2025-003-005,003,憲法,内閣総理大臣の権能,9,B,,[問題文読取困難],×,false,[解説読取困難],110,111,0003.png,内閣総理大臣,1,問題文欠損,question_textは読み取れず,answer_symbolのみ右欄冒頭「9 ×」から確認。原本照合必須,pending,,,pending,,draft
KB2025-003-006,003,憲法,内閣総理大臣の権能,10,B,,[問題文読取困難],×,false,[解説読取困難],110,111,0003.png,内閣総理大臣,1,問題文欠損,question_textは読み取れず,answer_symbolのみ右欄冒頭「10 ×」から確認。原本照合必須,pending,,,pending,,draft
KB2025-004-001,004,憲法,司法権の意義・範囲・限界,1,B,,[問題文読取困難 - 司法権が最高裁判所及び下級裁判所に属することと行政機関の終審裁判権に関する複合命題と思われる],×,false,[解説読取困難 - 憲法76条1項・2項に言及],112,113,0004.png,裁判所|司法権|最高裁判所|行政機関,1,問題文欠損,問題文の正確な表現が読み取れず,answer_symbolは右欄冒頭「1 ×」から確認。原本照合必須,pending,,,pending,,draft
KB2025-004-002,004,憲法,司法権の意義・範囲・限界,2,B,,司法権とは、民事事件及び刑事事件の裁判権にとどまらず、行政事件の裁判権をも含むものである。,○,true,[解説読取困難],112,113,0004.png,裁判所|司法権|行政事件,1,出典不明,past_exam_refs読取困難,answer_symbolは右欄「2 ○」から確認,pending,,,pending,,draft
KB2025-004-003,004,憲法,司法権の意義・範囲・限界,3,A,,[問題文読取困難],×,false,[解説読取困難],112,113,0004.png,裁判所|司法権,1,問題文欠損,問題文・解説ともに小字で読み取れず,answer_symbolのみ右欄冒頭「3 ×」から確認。原本照合必須,pending,,,pending,,draft
KB2025-004-004,004,憲法,司法権の意義・範囲・限界,4,B,,行政機関は、終審として裁判を行うことができない。,○,true,行政機関は、終審として裁判を行うことができない（憲法76条2項）。[解説後半読取困難],112,113,0004.png,裁判所|司法権|行政機関|終審,1,出典不明,past_exam_refs読取困難,answer_symbolは右欄「4 ○」から確認,pending,,,pending,,draft
KB2025-004-005,004,憲法,司法権の意義・範囲・限界,5,B,,[問題文読取困難],○,true,[解説読取困難 - 統治行為論に関する内容と思われる],112,113,0004.png,裁判所|司法権|統治行為,1,問題文欠損,問題文・解説ともに小字で読み取れず,answer_symbolのみ右欄冒頭「5 ○」から確認。原本照合必須,pending,,,pending,,draft
KB2025-004-006,004,憲法,司法権の意義・範囲・限界,6,A,,[問題文読取困難 - 普通地方公共団体の議会議員に対する出席停止懲罰に関する問題と思われる],×,false,[解説読取困難],112,113,0004.png,裁判所|司法権|地方自治|出席停止|懲罰,1,問題文欠損,問題文・解説ともに小字で読み取れず,answer_symbolのみ右欄冒頭「6 ×」から確認。原本照合必須,pending,,,pending,,draft
KB2025-005-001,005,憲法,司法権の意義・範囲・限界,7,A,,[問題文読取困難 - 地方公共団体の議会が議員に対して行った処分（除名等）と司法審査に関する問題と思われる],×,false,[解説読取困難 - 最大判昭35.10.19に言及の可能性],114,115,0005.png,裁判所|司法権|地方自治|地方議会|除名,1,問題文欠損,問題文の正確な表現が読み取れず,answer_symbolは右欄冒頭「7 ×」から確認。原本照合必須,pending,,,pending,,draft
KB2025-005-002,005,憲法,司法権の意義・範囲・限界,8,A,,[問題文読取困難 - 大学が行う行為と司法審査に関する問題と思われる],○,true,[解説読取困難],114,115,0005.png,裁判所|司法権|大学|行政処分,1,問題文欠損,問題文・解説ともに小字で読み取れず,answer_symbolのみ右欄冒頭「8 ○」から確認。原本照合必須,pending,,,pending,,draft
KB2025-005-003,005,憲法,司法権の意義・範囲・限界,9,B,,[問題文読取困難],○,true,[解説読取困難],114,115,0005.png,裁判所|司法権|大学,1,問題文欠損,問題文・解説ともに小字で読み取れず,answer_symbolのみ右欄冒頭「9 ○」から確認。原本照合必須,pending,,,pending,,draft
KB2025-005-004,005,憲法,司法権の意義・範囲・限界,10,B,,[問題文読取困難 - 大学は自律的な法規範を持つ特殊な部分社会を形成するという内容に関する問題と思われる],○,true,[解説読取困難 - 部分社会論に言及の可能性],114,115,0005.png,裁判所|司法権|大学|部分社会,1,問題文欠損,問題文の正確な表現が読み取れず,answer_symbolは右欄冒頭「10 ○」から確認。原本照合推奨,pending,,,pending,,draft
KB2025-005-005,005,憲法,司法権の意義・範囲・限界,11,A,,[問題文読取困難],×,false,[解説読取困難],114,115,0005.png,裁判所|司法権,1,問題文欠損,問題文・解説ともに小字で読み取れず,answer_symbolのみ右欄冒頭「11 ×」から確認。原本照合必須,pending,,,pending,,draft
KB2025-006-001,006,憲法,司法権の意義・範囲・限界,12,A,,[問題文読取困難 - 政党内部の問題と司法審査に関する問題と思われる],○,true,[解説読取困難 - 右欄に最判昭63.12.20（共産党袴田名誉毀損事件）への言及あり],116,117,0006.png,裁判所|司法権|政党|部分社会,1,問題文欠損,問題文の正確な表現が読み取れず。answer_symbolは右欄「12 ○」から確認,原本照合推奨,pending,,,pending,,draft
KB2025-006-002,006,憲法,司法権の意義・範囲・限界,13,A,,[問題文読取困難 - 内閣による裁判所に関する問題と思われる],×,false,[解説読取困難],116,117,0006.png,裁判所|司法権|内閣,1,問題文欠損,問題文・解説ともに小字で読み取れず,answer_symbolのみ右欄冒頭「13 ×」から確認。原本照合必須,pending,,,pending,,draft
KB2025-006-003,006,憲法,司法権の意義・範囲・限界,14,A,,[問題文読取困難],○,true,[解説読取困難],116,117,0006.png,裁判所|司法権,1,問題文欠損,問題文・解説ともに小字で読み取れず,answer_symbolのみ右欄冒頭「14 ○」から確認。原本照合必須,pending,,,pending,,draft
KB2025-006-004,006,憲法,司法権の意義・範囲・限界,15,B,,[問題文読取困難],○,true,[解説読取困難 - 右欄に判例への言及あり],116,117,0006.png,裁判所|司法権,1,問題文欠損,問題文・解説ともに小字で読み取れず,answer_symbolのみ右欄冒頭「15 ○」から確認。原本照合推奨,pending,,,pending,,draft
KB2025-007-001,007,憲法,裁判所の組織・構成,1,B,,[問題文読取困難 - 最高裁判所は長たる裁判官及び法律の定める員数のその他の裁判官で構成し全員の任命は内閣が行うという内容と思われる],×,false,[解説読取困難 - 憲法6条2項・79条1項に言及の可能性],118,119,0007.png,裁判所|最高裁判所|裁判官任命|内閣,1,読取揺れ,問題文の後半表現が不確実,answer_symbolは右欄「1 ×」から確認。長官は天皇が任命（6条2項）のため全員が内閣任命は誤りとなる可能性,pending,,,pending,,draft
KB2025-007-002,007,憲法,裁判所の組織・構成,2,B,,[問題文読取困難],×,false,[解説読取困難],118,119,0007.png,裁判所|裁判官|良心|独立,1,問題文欠損,問題文の正確な表現が読み取れず,answer_symbolは右欄「2 ×」から確認。原本照合必須,pending,,,pending,,draft
KB2025-007-003,007,憲法,裁判所の組織・構成,3,A,,[問題文読取困難 - 最高裁判所の規則制定権に関する問題と思われる],×,false,[解説読取困難],118,119,0007.png,裁判所|最高裁判所|規則制定権,1,問題文欠損,問題文・解説ともに小字で読み取れず,answer_symbolのみ右欄冒頭「3 ×」から確認。原本照合必須,pending,,,pending,,draft
KB2025-007-004,007,憲法,裁判所の組織・構成,4,B,,[問題文読取困難 - 最高裁判所裁判官の国民審査に関する問題と思われる],○,true,[解説読取困難],118,119,0007.png,裁判所|最高裁判所|裁判官|国民審査,1,問題文欠損,問題文・解説ともに小字で読み取れず,answer_symbolのみ右欄冒頭「4 ○」から確認。原本照合必須,pending,,,pending,,draft
KB2025-007-005,007,憲法,裁判所の組織・構成,5,B,,[問題文読取困難 - 下級裁判所の設置・裁判官の任期等に関する問題と思われる],○,true,[解説読取困難 - 法律への言及あり],118,119,0007.png,裁判所|下級裁判所|裁判官|任期,1,問題文欠損,問題文・解説ともに小字で読み取れず,answer_symbolのみ右欄冒頭「5 ○」から確認。原本照合必須,pending,,,pending,,draft
KB2025-007-006,007,憲法,裁判所の組織・構成,6,B,,[問題文読取困難 - 下級裁判所の廃止に関する問題と思われる],×,false,[解説読取困難],118,119,0007.png,裁判所|下級裁判所|廃止,1,問題文欠損,問題文・解説ともに小字で読み取れず,answer_symbolのみ右欄冒頭「6 ×」から確認。原本照合必須,pending,,,pending,,draft
KB2025-007-007,007,憲法,裁判所の組織・構成,7,A,,[問題文読取困難 - 下級裁判所裁判官の任命方法（最高裁指名・内閣任命）に関する問題と思われる],○,true,[解説読取困難],118,119,0007.png,裁判所|下級裁判所|裁判官|任命,1,問題文欠損,問題文・解説ともに小字で読み取れず,answer_symbolのみ右欄冒頭「7 ○」から確認。原本照合必須,pending,,,pending,,draft
KB2025-007-008,007,憲法,裁判所の組織・構成,8,A,,[問題文読取困難 - 裁判官の分限・罷免に関する問題と思われる],×,false,[解説読取困難],118,119,0007.png,裁判所|裁判官|分限|罷免|弾劾,1,問題文欠損,問題文・解説ともに小字で読み取れず,answer_symbolのみ右欄冒頭「8 ×」から確認。原本照合必須,pending,,,pending,,draft
KB2025-008-001,008,憲法,裁判所の組織・構成,9,B,,[問題文読取困難 - 下級裁判所の裁判官の任期・定年に関する問題と思われる。右欄解説に「65歳」への言及あり],×,false,[解説読取困難 - 下級裁判所裁判官の定年65歳（裁判所法50条）に言及],120,121,0008.png,裁判所|下級裁判所|裁判官|任期|定年,1,問題文欠損,問題文・解説ともに小字で読み取れず,answer_symbolは右欄「9 ×」から確認。定年年齢誤記の可能性。原本照合必須,pending,,,pending,,draft
KB2025-008-002,008,憲法,職権行使の独立,1,B,,[問題文読取困難 - 裁判官はその良心に従い独立して職権を行いこの憲法及び法律にのみ拘束されるという内容と思われる（76条3項）],○,true,[解説読取困難 - 憲法76条3項に言及],120,121,0008.png,裁判所|裁判官|独立|良心,1,読取揺れ,問題文は76条3項に対応する内容と思われるが正確な表現が確認できず,answer_symbolは右欄「1 ○」から確認,pending,,,pending,,draft
KB2025-008-003,008,憲法,裁判官の身分保障,1,A,,[問題文読取困難 - 裁判官は弾劾または心身の故障による決定以外では罷免されないという内容と思われる（78条）],○,true,[解説読取困難 - 憲法78条に言及],120,121,0008.png,裁判所|裁判官|身分保障|弾劾|罷免,1,問題文欠損,問題文の正確な表現が読み取れず,answer_symbolは右欄「1 ○」から確認。原本照合推奨,pending,,,pending,,draft
KB2025-008-004,008,憲法,裁判官の身分保障,2,B,,[問題文読取困難 - 公の弾劾による罷免に関する問題と思われる],×,false,[解説読取困難],120,121,0008.png,裁判所|裁判官|身分保障|弾劾|罷免,1,問題文欠損,問題文・解説ともに小字で読み取れず,answer_symbolのみ右欄冒頭「2 ×」から確認。原本照合必須,pending,,,pending,,draft
KB2025-008-005,008,憲法,裁判官の身分保障,3,B,,[問題文読取困難 - 裁判官の罷免に関する問題と思われる],○,true,[解説読取困難],120,121,0008.png,裁判所|裁判官|身分保障|罷免,1,問題文欠損,問題文・解説ともに小字で読み取れず,answer_symbolのみ右欄冒頭「3 ○」から確認。原本照合必須,pending,,,pending,,draft
KB2025-008-006,008,憲法,裁判官の身分保障,4,B,,[問題文読取困難 - 最高裁判所裁判官の免官に関する問題と思われる],×,false,[解説読取困難],120,121,0008.png,裁判所|最高裁判所|裁判官|身分保障|免官,1,問題文欠損,問題文・解説ともに小字で読み取れず,answer_symbolのみ右欄冒頭「4 ×」から確認。原本照合必須,pending,,,pending,,draft
KB2025-008-007,008,憲法,裁判官の身分保障,5,A,,[問題文読取困難 - 裁判官の分限・在任中の報酬削減不可に関する問題と思われる],○,true,[解説読取困難 - 憲法79条6項・80条2項への言及の可能性],120,121,0008.png,裁判所|裁判官|身分保障|報酬|分限,1,問題文欠損,問題文・解説ともに小字で読み取れず,answer_symbolのみ右欄冒頭「5 ○」から確認。原本照合必須,pending,,,pending,,draft
KB2025-009-001,009,憲法,最高裁判所の規則制定権,1,A,,[問題文読取困難 - 最高裁判所の規則制定権の範囲（訴訟手続・弁護士・内部規律・司法事務処理）に関する問題と思われる（77条1項）],×,false,[解説読取困難 - 憲法77条1項に言及],122,123,0009.png,裁判所|最高裁判所|規則制定権,1,問題文欠損,問題文の正確な表現が読み取れず,answer_symbolは右欄「1 ×」から確認。原本照合必須,pending,,,pending,,draft
KB2025-009-002,009,憲法,最高裁判所の規則制定権,2,B,,[問題文読取困難 - 最高裁判所が下級裁判所に関する規則制定を委任できるという内容と思われる（77条3項）],○,true,[解説読取困難 - 憲法77条3項（下級裁判所への委任）に言及],122,123,0009.png,裁判所|最高裁判所|規則制定権|委任,1,読取揺れ,問題文の正確な表現が確認できず,answer_symbolは右欄「2 ○」から確認。委任規定（77条3項）に関する問題と思われる,pending,,,pending,,draft
KB2025-009-003,009,憲法,法令審査権,1,B,,[問題文読取困難 - 裁判所が具体的事件において法令の違憲審査を行う権限に関する問題と思われる],○,true,[解説読取困難],122,123,0009.png,裁判所|法令審査権|違憲審査,1,問題文欠損,問題文・解説ともに小字で読み取れず,answer_symbolは右欄「1 ○」から確認。原本照合必須,pending,,,pending,,draft
KB2025-009-004,009,憲法,法令審査権,2,B,,[問題文読取困難 - 最高裁判所のみが違憲審査権を持ち下級裁判所はこの権限を有しないという内容と思われる],×,false,[解説読取困難 - 下級裁判所も違憲審査権を有する点を指摘している可能性],122,123,0009.png,裁判所|法令審査権|違憲審査|下級裁判所,1,問題文欠損,問題文・解説ともに小字で読み取れず,answer_symbolは右欄「2 ×」から確認。原本照合必須,pending,,,pending,,draft
KB2025-009-005,009,憲法,法令審査権,3,B,,[問題文読取困難 - わが国の違憲審査制が付随的審査制であることに関する問題と思われる（最大判昭27.10.8）],○,true,[解説読取困難 - 最大判昭27.10.8への言及あり],122,123,0009.png,裁判所|法令審査権|違憲審査|付随的審査制,1,読取揺れ,問題文の正確な表現が確認できず,answer_symbolは右欄「3 ○」から確認。付随的審査制に関する問題と思われる,pending,,,pending,,draft
KB2025-010-001,010,憲法,法令審査権,4,B,,[問題文読取困難 - 付随的審査制・違憲法令と日常的争訟に関する問題と思われる],×,false,[解説読取困難 - 最大判昭27.10.8の解釈に言及],124,125,0010.png,裁判所|法令審査権|違憲審査|付随的審査制,1,問題文欠損,問題文の正確な表現が読み取れず,answer_symbolは右欄「4 ×」から確認。原本照合必須,pending,,,pending,,draft
KB2025-010-002,010,憲法,裁判の公開,1,A,,[問題文読取困難 - 対審の公開原則と例外に関する問題と思われる（82条）],○,true,[解説読取困難 - 憲法82条に言及],124,125,0010.png,裁判所|裁判の公開|対審|公開原則,1,問題文欠損,問題文・解説ともに小字で読み取れず,answer_symbolは右欄「1 ○」から確認。原本照合推奨,pending,,,pending,,draft
KB2025-010-003,010,憲法,裁判の公開,2,B,,[問題文読取困難],×,false,[解説読取困難],124,125,0010.png,裁判所|裁判の公開,1,問題文欠損,問題文・解説ともに小字で読み取れず,answer_symbolのみ右欄冒頭「2 ×」から確認。原本照合必須,pending,,,pending,,draft
KB2025-010-004,010,憲法,裁判の公開,3,A,,[問題文読取困難 - 政治犯・出版犯・憲法保障権利関連事件の対審必ず公開という内容と思われる],×,false,[解説読取困難],124,125,0010.png,裁判所|裁判の公開|政治犯|出版犯,1,問題文欠損,問題文・解説ともに小字で読み取れず,answer_symbolのみ右欄冒頭「3 ×」から確認。原本照合必須,pending,,,pending,,draft
KB2025-010-005,010,憲法,裁判の公開,4,B,,[問題文読取困難],○,true,[解説読取困難 - 判例への言及あり],124,125,0010.png,裁判所|裁判の公開,1,問題文欠損,問題文・解説ともに小字で読み取れず,answer_symbolのみ右欄冒頭「4 ○」から確認。原本照合必須,pending,,,pending,,draft
KB2025-010-006,010,憲法,裁判の公開,5,B,,[問題文読取困難],×,false,[解説読取困難],124,125,0010.png,裁判所|裁判の公開,1,問題文欠損,問題文・解説ともに小字で読み取れず,answer_symbolのみ右欄冒頭「5 ×」から確認。原本照合必須,pending,,,pending,,draft
KB2025-010-007,010,憲法,裁判の公開,6,B,,[問題文読取困難],○,true,[解説読取困難],124,125,0010.png,裁判所|裁判の公開,1,問題文欠損,問題文・解説ともに小字で読み取れず,answer_symbolのみ右欄冒頭「6 ○」から確認。原本照合必須,pending,,,pending,,draft
KB2025-011-001,011,憲法,財政民主主義,1,B,,[問題文読取困難 - 国の財政処理権限に関する問題と思われる（83条）],×,false,[解説読取困難 - 憲法83条（財政民主主義）に言及の可能性],126,127,0011.png,財政|財政民主主義|国会,1,問題文欠損,問題文・解説ともに小字で読み取れず,answer_symbolは右欄「1 ×」から確認。原本照合必須,pending,,,pending,,draft
KB2025-011-002,011,憲法,租税法律主義,1,B,,[問題文読取困難 - 新たに租税を課しまたは現行租税を変更するには法律または法律の定める条件によることを要するという内容と思われる（84条）],○,true,[解説読取困難 - 憲法84条に言及],126,127,0011.png,財政|租税法律主義|租税,1,読取揺れ,問題文は84条に対応する内容と思われるが正確な表現が確認できず,answer_symbolは右欄「1 ○」から確認,pending,,,pending,,draft
KB2025-011-003,011,憲法,租税法律主義,2,A,,[問題文読取困難 - 地方税と租税法律主義に関する問題と思われる],○,true,[解説読取困難],126,127,0011.png,財政|租税法律主義|地方税,1,問題文欠損,問題文・解説ともに小字で読み取れず,answer_symbolのみ右欄冒頭「2 ○」から確認。原本照合必須,pending,,,pending,,draft
KB2025-011-004,011,憲法,国費の支出と国の債務負担行為,1,B,,[問題文読取困難 - 国費の支出・国の債務負担行為と国会議決に関する問題と思われる（85条）],×,false,[解説読取困難],126,127,0011.png,財政|国費支出|国会議決|債務負担,1,問題文欠損,問題文・解説ともに小字で読み取れず,answer_symbolは右欄「1 ×」から確認。原本照合必須,pending,,,pending,,draft
KB2025-011-005,011,憲法,国費の支出と国の債務負担行為,2,B,,[問題文読取困難 - 条約に基づく国の債務負担等に関する問題と思われる],○,true,[解説読取困難],126,127,0011.png,財政|国費支出|条約|債務負担,1,問題文欠損,問題文・解説ともに小字で読み取れず,answer_symbolは右欄「2 ○」から確認。原本照合必須,pending,,,pending,,draft
KB2025-011-006,011,憲法,国費の支出と国の債務負担行為,3,A,,[問題文読取困難 - 国費支出の議決に関する問題と思われる],×,false,[解説読取困難],126,127,0011.png,財政|国費支出|国会議決,1,問題文欠損,問題文・解説ともに小字で読み取れず,answer_symbolは右欄「3 ×」から確認。原本照合必須,pending,,,pending,,draft
KB2025-012-001,012,憲法,予算の作成と国会の議決,1,B,,[問題文読取困難 - 予算の作成主体または予算の法的性質（法律との関係）に関する問題と思われる（73条5号）],×,false,[解説読取困難 - 憲法73条5号に言及。予算の増額修正または法律一体説に関する可能性],128,129,0012.png,財政|予算|国会議決|内閣,1,問題文欠損,問題文の正確な表現が読み取れず,answer_symbolは右欄「1 ×」から確認。解説文に強調箇所あり。原本照合必須,pending,,,pending,,draft
KB2025-012-002,012,憲法,予算の作成と国会の議決,2,B,,[問題文読取困難 - 国会（議員）による予算修正権に関する問題と思われる],×,false,[解説読取困難],128,129,0012.png,財政|予算|国会議決|予算修正,1,問題文欠損,問題文・解説ともに小字で読み取れず,answer_symbolは右欄「2 ×」から確認。原本照合必須,pending,,,pending,,draft
KB2025-012-003,012,憲法,予算の作成と国会の議決,3,B,,[問題文読取困難 - 予算の国会提出権限に関する問題と思われる],×,false,[解説読取困難],128,129,0012.png,財政|予算|国会提出|内閣,1,問題文欠損,問題文・解説ともに小字で読み取れず,answer_symbolは右欄「3 ×」から確認。rank_labelはB相当と思われるが読取不確実,pending,,,pending,,draft
KB2025-012-004,012,憲法,予算の作成と国会の議決,4,B,,[問題文読取困難 - 予算の一会計年度・予算の失効等に関する問題と思われる],×,false,[解説読取困難],128,129,0012.png,財政|予算|一会計年度|失効,1,問題文欠損,問題文・解説ともに小字で読み取れず,answer_symbolは右欄「4 ×」から確認。rank_labelはB相当と思われるが読取不確実,pending,,,pending,,draft
KB2025-012-005,012,憲法,予算の作成と国会の議決,5,A,,[問題文読取困難 - 予算の議決に関する問題と思われる],○,true,[解説読取困難 - 解説に強調箇所あり],128,129,0012.png,財政|予算|国会議決,1,問題文欠損,問題文・解説ともに小字で読み取れず,answer_symbolは右欄「5 ○」から確認（不確実）。原本照合必須,pending,,,pending,,draft
KB2025-012-006,012,憲法,予算の作成と国会の議決,6,A,,[問題文読取困難 - 国会が議決した予算・法律の関係に関する問題と思われる（87条等）],×,false,[解説読取困難],128,129,0012.png,財政|予算|国会議決|法律,1,問題文欠損,問題文・解説ともに小字で読み取れず,answer_symbolは右欄「6 ×」から確認（不確実）。原本照合必須,pending,,,pending,,draft
KB2025-013-001,013,憲法,予備費の支出,1,B,,[問題文読取困難 - 予備費の計上義務に関する問題と思われる（87条1項・財政法24条）。予備費を計上しなければならないという内容が誤りである可能性],×,false,[解説読取困難 - 財政法24条への言及あり。予備費計上は任意（できる規定）であって義務ではない旨を指摘している可能性],130,131,0013.png,財政|予備費|国会議決,1,読取揺れ,問題文の正確な表現が読み取れず。義務規定か任意規定かが争点の可能性,answer_symbolは右欄「1 ×」から確認,pending,,,pending,,draft
KB2025-013-002,013,憲法,予備費の支出,2,B,,[問題文読取困難 - 予備費支出の事後的国会承認に関する問題と思われる（87条2項）],○,true,[解説読取困難 - 憲法87条2項（予備費支出の事後承認）に言及の可能性],130,131,0013.png,財政|予備費|事後承認|国会,1,問題文欠損,問題文・解説ともに小字で読み取れず,answer_symbolは右欄「2 ○」から確認。原本照合推奨,pending,,,pending,,draft
KB2025-013-003,013,憲法,予備費の支出,3,A,,[問題文読取困難],×,false,[解説読取困難],130,131,0013.png,財政|予備費|国会,1,問題文欠損,問題文・解説ともに小字で読み取れず,answer_symbolのみ右欄冒頭「3 ×」から確認。原本照合必須,pending,,,pending,,draft
KB2025-013-004,013,憲法,予備費の支出,4,B,,[問題文読取困難],○,true,[解説読取困難],130,131,0013.png,財政|予備費,1,問題文欠損,問題文・解説ともに小字で読み取れず,answer_symbolのみ右欄冒頭「4 ○」から確認。原本照合必須,pending,,,pending,,draft
KB2025-013-005,013,憲法,公金支出の禁止,1,B,,[問題文読取困難 - 公益上必要な場合の宗教団体等への公金支出に関する問題と思われる（89条）。公益上の必要があっても禁止されるという内容が争点の可能性],×,false,[解説読取困難 - 憲法89条（公金支出の禁止）に言及],130,131,0013.png,財政|公金支出|宗教団体|89条,1,問題文欠損,問題文・解説ともに小字で読み取れず,answer_symbolは右欄「1 ×」から確認。原本照合必須,pending,,,pending,,draft
KB2025-013-006,013,憲法,公金支出の禁止,2,B,,[問題文読取困難],×,false,[解説読取困難],130,131,0013.png,財政|公金支出|89条,1,問題文欠損,問題文・解説ともに小字で読み取れず,answer_symbolのみ右欄冒頭「2 ×」から確認。原本照合必須,pending,,,pending,,draft
KB2025-013-007,013,憲法,公金支出の禁止,3,B,,[問題文読取困難],○,true,[解説読取困難],130,131,0013.png,財政|公金支出|89条,1,問題文欠損,問題文・解説ともに小字で読み取れず,answer_symbolのみ右欄冒頭「3 ○」から確認。原本照合必須,pending,,,pending,,draft
KB2025-014-001,014,憲法,決算審査,1,A,,"国の収入支出の決算は、すべて毎年会計検査院がこれを検査し、内閣は、次の年度に、その検査報告とともに、これを国会に提出しなければならない。",○,true,"国の収入支出の決算は、すべて毎年会計検査院がこれを検査し、内閣は、次の年度に、その検査報告とともに、これを国会に提出しなければならない（憲法90条1項）。",132,133,0014.png,財政|決算|会計検査院|国会提出,1,読取揺れ,問題文・解説ともに右欄から逆算。表現の正確性に不安あり,answer_symbolは右欄「1 ○」から確認。解説内容から問題文を復元,pending,,,pending,,draft
KB2025-014-002,014,憲法,決算審査,2,B,,[問題文読取困難 - 決算の検査・国会提出に関する問題と思われるが正確な表現が不明。会計検査院の報告書の名称や提出手続に誤りが含まれる内容と思われる],×,false,"国の収入支出の決算は、すべて毎年会計検査院が検査するが、会計検査院の報告書名称や提出手続の表現に誤りがある（憲法90条）。[解説一部読取困難]",132,133,0014.png,財政|決算|会計検査院|90条,1,読取揺れ,問題文の誤りとなる箇所が右欄から特定困難,answer_symbolは右欄「2 ×」から確認。原本照合要,pending,,,pending,,draft
KB2025-014-003,014,憲法,決算審査,3,B,,[問題文読取困難 - 決算に衆議院の先議権があるという内容と思われる],×,false,"決算については、予算のような衆議院の先議権（憲法60条1項）の規定はない（憲法上は決算に先議権に関する規定なし）。[解説読取困難]",132,133,0014.png,財政|決算|先議権|衆議院,1,読取揺れ,問題文の正確な表現が読み取れないが、右欄解説から決算先議権の誤りを指摘していると判断,answer_symbolは右欄「3 ×」から確認,pending,,,pending,,draft
KB2025-014-004,014,憲法,財政状況の報告,1,B,,"会計検査院は、国会および国民に対し、定期に、少なくとも毎年1回、国の財政状況について報告しなければならない。",×,false,"内閣は、国会および国民に対し、定期に、少なくとも毎年1回、国の財政状況について報告しなければならない（憲法91条）。報告主体は内閣であって会計検査院ではないから、本肢は誤っている。",132,133,0014.png,財政|財政状況の報告|内閣|国会|91条,1,読取揺れ,問題文は右欄解説から逆算。「会計検査院」を「内閣」に置き換える必要がある点が争点と思われる,answer_symbolは右欄「1 ×」から確認,pending,,,pending,,draft
KB2025-014-005,014,憲法,財政状況の報告,2,B,,"内閣は、国会及び国民に対し、定期に、少なくとも毎年2回、国の財政状況について報告しなければならない。",×,false,"内閣は、国会及び国民に対し、定期に、少なくとも毎年「1回」、国の財政状況について報告しなければならない（憲法91条）。2回ではないから、本肢は誤っている。",132,133,0014.png,財政|財政状況の報告|内閣|91条,1,読取揺れ,問題文は右欄解説から逆算。「2回」が誤りで「1回」が正しいとする点が争点,answer_symbolは右欄「2 ×」から確認,pending,,,pending,,draft
KB2025-015-001,015,憲法,地方自治,1,B,,[問題文読取困難 - 大日本帝国憲法にも地方自治の規定が設けられていたという内容と思われるが誤り],×,false,[解説読取困難 - 大日本帝国憲法には地方自治の規定がなかった旨を指摘している可能性],134,135,0015.png,地方自治|大日本帝国憲法|日本国憲法,1,問題文欠損,問題文の正確な表現が読み取れず,answer_symbolは右欄「1 ×」から確認。rank_labelはB相当と思われるが読取不確実。原本照合必須,pending,,,pending,,draft
KB2025-015-002,015,憲法,地方自治,2,A,,"地方公共団体の組織及び運営に関する事項は、地方自治の本旨に基づいて、法律で定める。",○,true,"地方公共団体の組織及び運営に関する事項は、地方自治の本旨に基づいて、法律でこれを定める（憲法92条）。",134,135,0015.png,地方自治|地方公共団体|組織|運営|92条,1,読取揺れ,問題文・解説ともに右欄から確認。表現の細部に不安あり,answer_symbolは右欄「2 ○」から確認,pending,,,pending,,draft
KB2025-015-003,015,憲法,地方自治,3,B,,[問題文読取困難 - 地方公共団体の議会設置に関する問題と思われる（93条1項）],○,true,[解説読取困難 - 憲法93条1項への言及の可能性],134,135,0015.png,地方自治|地方公共団体|議会|93条,1,問題文欠損,問題文・解説ともに小字で読み取れず,answer_symbolは右欄「3 ○」から確認。原本照合推奨,pending,,,pending,,draft
KB2025-015-004,015,憲法,地方自治,4,B,,[問題文読取困難 - 地方公共団体の長・議員等の直接選挙に関する問題と思われるが誤りが含まれる内容（93条2項）],×,false,[解説読取困難 - 憲法93条2項への言及。直接選挙の対象範囲が争点の可能性],134,135,0015.png,地方自治|地方公共団体|長|議員|直接選挙|93条,1,問題文欠損,問題文・解説ともに小字で読み取れず,answer_symbolは右欄「4 ×」から確認。原本照合必須,pending,,,pending,,draft
KB2025-015-005,015,憲法,地方自治,5,B,,[問題文読取困難 - 地方議会議員の直接選挙に関する問題と思われる（93条2項）],○,true,[解説読取困難],134,135,0015.png,地方自治|地方公共団体|議員|直接選挙,1,問題文欠損,問題文・解説ともに小字で読み取れず,answer_symbolのみ右欄冒頭「5 ○」から確認。原本照合必須,pending,,,pending,,draft
KB2025-015-006,015,憲法,地方自治,6,B,,[問題文読取困難 - 地方公共団体の長と議会議員の直接選挙に関する問題と思われる],○,true,[解説読取困難],134,135,0015.png,地方自治|地方公共団体|長|議員|直接選挙,1,問題文欠損,問題文・解説ともに小字で読み取れず,answer_symbolのみ右欄冒頭「6 ○」から確認。原本照合必須,pending,,,pending,,draft
KB2025-015-007,015,憲法,地方自治,7,B,,[問題文読取困難 - 地方特別法（特定地方公共団体にのみ適用される法律）と住民投票に関する問題と思われる（95条）],×,false,[解説読取困難],134,135,0015.png,地方自治|特別法|住民投票|95条,1,問題文欠損,問題文・解説ともに小字で読み取れず,answer_symbolのみ右欄冒頭「7 ×」から確認。原本照合必須,pending,,,pending,,draft
KB2025-015-008,015,憲法,地方自治,8,B,,"地方公共団体は、その財産を管理し、事務を処理し、法律の範囲内で条例を制定することができる。",○,true,"地方公共団体は、その財産を管理し、事務を処理し、及び行政を執行する権能を有し、法律の範囲内で条例を制定することができる（憲法94条）。",134,135,0015.png,地方自治|地方公共団体|条例|94条,1,読取揺れ,問題文は94条に対応する内容と思われるが「及び行政を執行する権能を有し」の部分が問題文に含まれるか不確実,answer_symbolは右欄「8 ○」から確認,pending,,,pending,,draft
KB2025-016-001,016,憲法,地方自治,9,B,,[問題文読取困難 - 地方公共団体が財産管理・事務処理・行政執行の権能を有するが条例制定またはその逆の趣旨と思われる（94条）],×,false,[解説読取困難 - 憲法94条に言及。財産管理権能の有無が争点の可能性],136,137,0016.png,地方自治|地方公共団体|財産管理|94条,1,問題文欠損,問題文・解説ともに小字で読み取れず,answer_symbolは右欄「9 ×」から確認。原本照合必須,pending,,,pending,,draft
KB2025-016-002,016,憲法,地方自治,10,B,,[問題文読取困難 - 地方公共団体の長が条例を制定できるという内容と思われるが誤り。条例制定は議会の権限（94条）],×,false,[解説読取困難 - 条例制定権は地方公共団体（議会）であって長ではない旨を指摘している可能性],136,137,0016.png,地方自治|地方公共団体|長|条例制定,1,問題文欠損,問題文・解説ともに小字で読み取れず,answer_symbolは右欄「10 ×」から確認。原本照合必須,pending,,,pending,,draft
KB2025-016-003,016,憲法,地方自治,11,B,,[問題文読取困難 - 地方公共団体が制定する条例と法令の関係に関する問題と思われる],×,false,[解説読取困難],136,137,0016.png,地方自治|条例|法令|94条,1,問題文欠損,問題文・解説ともに小字で読み取れず,answer_symbolのみ右欄冒頭「11 ×」から確認（不確実）。原本照合必須,pending,,,pending,,draft
KB2025-016-004,016,憲法,地方自治,12,A,,[問題文読取困難 - 一の地方公共団体のみに適用される特別法と住民投票に関する問題と思われる（95条）],×,false,[解説読取困難 - 憲法95条への言及の可能性],136,137,0016.png,地方自治|特別法|住民投票|95条,1,問題文欠損,問題文・解説ともに小字で読み取れず,answer_symbolのみ右欄冒頭「12 ×」から確認（不確実）。原本照合必須,pending,,,pending,,draft
KB2025-016-005,016,憲法,地方自治,13,B,,[問題文読取困難 - 国会の立法権と地方公共団体の条例制定権の関係に関する問題と思われる],○,true,[解説読取困難],136,137,0016.png,地方自治|条例|国会|立法権,1,問題文欠損,問題文・解説ともに小字で読み取れず,answer_symbolのみ右欄冒頭「13 ○」から確認（不確実）。原本照合必須,pending,,,pending,,draft
KB2025-017-001,017,憲法,憲法改正,1,B,,"この憲法の改正は、各議院の総議員の3分の2以上の賛成で、国会がこれを発議し、国民に提案してその承認を経なければならない。この承認には、特別の国民投票または国会の定める選挙の際行われる投票において、その過半数の賛成を必要とする。",○,true,"この憲法の改正は、各議院の総議員の3分の2以上の賛成で、国会がこれを発議し、国民に提案してその承認を経なければならない。この承認には、特別の国民投票または国会の定める選挙の際行われる投票において、その過半数の賛成を必要とする（憲法96条1項）。",138,139,0017.png,憲法改正|発議|国民投票|96条,1,読取揺れ,問題文・解説は96条1項に基づき読み取り。細部の表現に不確実性あり,answer_symbolは右欄「1 ○」から確認,pending,,,pending,,draft
KB2025-017-002,017,憲法,憲法改正,2,A,,[問題文読取困難 - 憲法改正発議の各議院総議員3分の2以上賛成要件に関する問題と思われる（96条1項）],○,true,[解説読取困難 - 96条1項に言及],138,139,0017.png,憲法改正|発議|3分の2|96条,1,問題文欠損,問題文の正確な表現が読み取れず,answer_symbolは右欄「2 ○」から確認。原本照合推奨,pending,,,pending,,draft
KB2025-017-003,017,憲法,憲法改正,3,B,,[問題文読取困難 - 憲法改正を一般の法律改正と同様の手続きで行えるという誤った内容と思われる],×,false,[解説読取困難 - 憲法改正には各議院総議員3分の2以上の賛成が必要であり一般法律より高い要件を指摘している可能性],138,139,0017.png,憲法改正|法律改正|手続き,1,問題文欠損,問題文・解説ともに小字で読み取れず,answer_symbolは右欄「3 ×」から確認。原本照合必須,pending,,,pending,,draft
KB2025-017-004,017,憲法,憲法改正,4,A,,[問題文読取困難],×,false,[解説読取困難],138,139,0017.png,憲法改正,1,問題文欠損,問題文・解説ともに小字で読み取れず,answer_symbolのみ右欄冒頭「4 ×」から確認（不確実）。原本照合必須,pending,,,pending,,draft
KB2025-017-005,017,憲法,憲法改正,5,A,,[問題文読取困難 - 特別国民投票の要件に関する問題と思われる],×,false,[解説読取困難],138,139,0017.png,憲法改正|国民投票|96条,1,問題文欠損,問題文・解説ともに小字で読み取れず,answer_symbolのみ右欄冒頭「5 ×」から確認（不確実）。原本照合必須,pending,,,pending,,draft
KB2025-017-006,017,憲法,憲法改正,6,B,,"憲法の改正について承認が得られた場合、内閣総理大臣は、直ちにこれを公示しなければならない。",×,false,"憲法改正の承認を経たときは、「内閣総理大臣」ではなく「天皇」が、国民の名で、直ちにこれを公布する（憲法96条2項）。内閣総理大臣が公示するとした本肢は誤っている。",138,139,0017.png,憲法改正|公布|天皇|内閣総理大臣|96条,1,読取揺れ,問題文は右欄解説から逆算。表現の正確性に不安あり（公示/公布の区別も含む）,answer_symbolは右欄「6 ×」から確認,pending,,,pending,,draft
KB2025-020-001,020,行政法,行政法の一般原則,1,B,,[問題文読取困難 - 地方公共団体による行政処分の限界または法律による行政の原理に関する問題と思われる],×,false,[解説読取困難],144,145,0020.png,行政法総論|行政法の一般原則|法律による行政,1,問題文欠損,問題文・解説ともに小字で読み取れず,answer_symbolは右欄「1 ×」から確認。subject=行政法に変更。原本照合必須,pending,,,pending,,draft
KB2025-020-002,020,行政法,行政法の一般原則,2,B,,[問題文読取困難 - 行政機関が法律に従って行動すべき原則に関する問題と思われる（法治行政）],○,true,[解説読取困難],144,145,0020.png,行政法総論|行政法の一般原則|法治行政,1,問題文欠損,問題文・解説ともに小字で読み取れず,answer_symbolは右欄「2 ○」から確認。原本照合推奨,pending,,,pending,,draft
KB2025-020-003,020,行政法,行政法の一般原則,3,B,,[問題文読取困難 - 公益上の理由または権利濫用の禁止・比例原則等に関する問題と思われる],×,false,[解説読取困難],144,145,0020.png,行政法総論|行政法の一般原則|比例原則|権利濫用,1,問題文欠損,問題文・解説ともに小字で読み取れず,answer_symbolは右欄「3 ×」から確認。原本照合必須,pending,,,pending,,draft
KB2025-020-004,020,行政法,行政法の一般原則,4,B,,[問題文読取困難 - 信義誠実の原則または比例原則に関する問題と思われる],○,true,[解説読取困難],144,145,0020.png,行政法総論|行政法の一般原則|信義誠実,1,問題文欠損,問題文・解説ともに小字で読み取れず,answer_symbolは右欄「4 ○」から確認。原本照合必須,pending,,,pending,,draft
KB2025-020-005,020,行政法,行政法の一般原則,5,B,,[問題文読取困難 - 行政法の一般原則に関する判例（最大判昭47等）の内容と思われる],○,true,[解説読取困難 - 右欄に判例への言及あり],144,145,0020.png,行政法総論|行政法の一般原則|判例,1,問題文欠損,問題文・解説ともに小字で読み取れず,answer_symbolは右欄「5 ○」から確認。原本照合必須,pending,,,pending,,draft
KB2025-021-001,021,行政法,行政法の一般原則,6,A,,[問題文読取困難 - 信義誠実の原則または法律行為の適法性に関する問題と思われる。右欄に最判昭53.5.16への言及あり],×,false,[解説読取困難 - 最判昭53.5.16への言及あり],146,147,0021.png,行政法総論|行政法の一般原則|信義誠実|判例,1,問題文欠損,問題文の正確な表現が読み取れず,answer_symbolは右欄「6 ×」から確認。原本照合必須,pending,,,pending,,draft
KB2025-021-002,021,行政法,行政上の法律関係,1,A,,[問題文読取困難 - 租税法律関係または行政法律関係の基本原則に関する問題と思われる],×,false,[解説読取困難],146,147,0021.png,行政法総論|行政上の法律関係|租税,1,問題文欠損,問題文・解説ともに小字で読み取れず,answer_symbolは右欄「1 ×」から確認。原本照合必須,pending,,,pending,,draft
KB2025-021-003,021,行政法,行政上の法律関係,2,A,,[問題文読取困難 - 農地売買・自作農創設特別措置法等に関する問題と思われる],×,false,[解説読取困難 - 農地取得に関する法律関係に言及の可能性],146,147,0021.png,行政法総論|行政上の法律関係|農地|私法,1,問題文欠損,問題文・解説ともに小字で読み取れず,answer_symbolは右欄「2 ×」から確認。原本照合必須,pending,,,pending,,draft
KB2025-021-004,021,行政法,行政上の法律関係,3,A,,[問題文読取困難 - 比例原則または行政行為の効力に関する問題と思われる],○,true,[解説読取困難],146,147,0021.png,行政法総論|行政上の法律関係,1,問題文欠損,問題文・解説ともに小字で読み取れず,answer_symbolは右欄「3 ○」から確認（不確実）。原本照合必須,pending,,,pending,,draft
KB2025-021-005,021,行政法,行政上の法律関係,4,A,,[問題文読取困難 - 公営住宅の入居・退去に関する法律関係（公法か私法か）に関する問題と思われる],×,false,[解説読取困難 - 公営住宅と私法関係に言及の可能性],146,147,0021.png,行政法総論|行政上の法律関係|公営住宅|私法,1,問題文欠損,問題文・解説ともに小字で読み取れず,answer_symbolは右欄「4 ×」から確認。原本照合必須,pending,,,pending,,draft
KB2025-022-001,022,行政法,行政上の法律関係,5,B,,[問題文読取困難 - 普通地方公共団体が行う公共施設の使用関係（公法か私法か）に関する問題と思われる],×,false,[解説読取困難 - 公共施設使用関係の法的性質に言及],148,149,0022.png,行政法総論|行政上の法律関係|公共施設|私法,1,問題文欠損,問題文・解説ともに小字で読み取れず,answer_symbolは右欄「5 ×」から確認。原本照合必須,pending,,,pending,,draft
KB2025-022-002,022,行政法,行政上の法律関係,6,A,,[問題文読取困難 - 公営住宅の入居者選定処分の法的性質に関する問題と思われる（最判昭35.10.18）],×,false,[解説読取困難 - 最判昭35.10.18への言及あり],148,149,0022.png,行政法総論|行政上の法律関係|公営住宅|判例,1,問題文欠損,問題文・解説ともに小字で読み取れず,answer_symbolは右欄「6 ×」から確認。原本照合必須,pending,,,pending,,draft
KB2025-022-003,022,行政法,行政上の法律関係,7,A,,[問題文読取困難 - 食品衛生法等の行政規制と関係行為者の義務に関する問題と思われる],○,true,[解説読取困難],148,149,0022.png,行政法総論|行政上の法律関係|食品衛生|行政規制,1,問題文欠損,問題文・解説ともに小字で読み取れず,answer_symbolは右欄「7 ○」から確認（不確実）。原本照合必須,pending,,,pending,,draft
KB2025-022-004,022,行政法,行政上の法律関係,8,A,,[問題文読取困難 - 私人への義務賦課または行政命令に関する問題と思われる],×,false,[解説読取困難],148,149,0022.png,行政法総論|行政上の法律関係|義務賦課,1,問題文欠損,問題文・解説ともに小字で読み取れず,answer_symbolは右欄「8 ×」から確認（不確実）。原本照合必須,pending,,,pending,,draft
KB2025-022-005,022,行政法,行政上の法律関係,9,B,,[問題文読取困難 - 国有地・土地所有権に関する行政法上の問題と思われる（最判昭47.12.5）],×,false,[解説読取困難 - 最判昭47.12.5への言及あり],148,149,0022.png,行政法総論|行政上の法律関係|国有地|判例,1,問題文欠損,問題文・解説ともに小字で読み取れず,answer_symbolは右欄「9 ×」から確認。原本照合必須,pending,,,pending,,draft
KB2025-023-001,023,行政法,行政機関の種類,1,B,,[問題文読取困難 - 行政機関と行政主体の関係に関する問題と思われる],×,false,[解説読取困難 - 行政機関・行政主体の区別に言及],150,151,0023.png,行政組織法|行政機関|行政主体,1,問題文欠損,問題文・解説ともに小字で読み取れず,answer_symbolは右欄「1 ×」から確認。原本照合必須,pending,,,pending,,draft
KB2025-023-002,023,行政法,行政機関の種類,2,A,,[問題文読取困難 - 各省庁の行政機関としての性格に関する問題と思われる],×,false,[解説読取困難 - 各省庁は行政主体ではなく行政機関である旨を指摘している可能性],150,151,0023.png,行政組織法|行政機関|各省庁,1,問題文欠損,問題文・解説ともに小字で読み取れず,answer_symbolは右欄「2 ×」から確認。原本照合必須,pending,,,pending,,draft
KB2025-023-003,023,行政法,行政機関の種類,3,A,,[問題文読取困難 - 行政庁の定義（行政主体の意思を決定し外部に表示する機関）に関する問題と思われる],○,true,[解説読取困難 - 行政庁の定義（大臣・知事等）に言及],150,151,0023.png,行政組織法|行政機関|行政庁,1,読取揺れ,問題文は行政庁の定義に関する内容と思われるが正確な表現が確認できず,answer_symbolは右欄「3 ○」から確認,pending,,,pending,,draft
KB2025-023-004,023,行政法,行政機関の種類,4,A,,[問題文読取困難 - 行政庁の形態（独任制・合議制）に関する問題と思われる。行政庁は必ず合議体でなければならないという誤りを含む可能性],×,false,[解説読取困難 - 行政庁は独任制でも合議制でもよい旨を指摘している可能性],150,151,0023.png,行政組織法|行政機関|行政庁|合議制|独任制,1,問題文欠損,問題文・解説ともに小字で読み取れず,answer_symbolは右欄「4 ×」から確認。原本照合必須,pending,,,pending,,draft
KB2025-023-005,023,行政法,行政機関の種類,5,A,,[問題文読取困難 - 行政庁と諮問機関の区別に関する問題と思われる],×,false,[解説読取困難],150,151,0023.png,行政組織法|行政機関|行政庁|諮問機関,1,問題文欠損,問題文・解説ともに小字で読み取れず,answer_symbolは右欄「5 ×」から確認（不確実）。原本照合必須,pending,,,pending,,draft
KB2025-023-006,023,行政法,行政機関の種類,6,A,,[問題文読取困難 - 行政庁の分類・機能に関する問題と思われる],×,false,[解説読取困難],150,151,0023.png,行政組織法|行政機関|行政庁,1,問題文欠損,問題文・解説ともに小字で読み取れず,answer_symbolは右欄「6 ×」から確認（不確実）。原本照合必須,pending,,,pending,,draft
KB2025-023-007,023,行政法,行政機関の種類,7,B,,[問題文読取困難 - 法令に特別の規定がない場合の合議体の議決要件に関する問題と思われる],×,false,[解説読取困難 - 合議体の議決要件（過半数等）に言及の可能性],150,151,0023.png,行政組織法|行政機関|合議体|議決,1,問題文欠損,問題文・解説ともに小字で読み取れず,answer_symbolは右欄「7 ×」から確認。原本照合必須,pending,,,pending,,draft
KB2025-024-001,024,行政法,行政機関の種類,8,A,,[問題文読取困難 - 都道府県の行政委員会等に関する問題と思われる],○,true,[解説読取困難 - 行政委員会の位置付けに言及],152,153,0024.png,行政組織法|行政機関|行政委員会|都道府県,1,問題文欠損,問題文・解説ともに小字で読み取れず,answer_symbolは右欄「8 ○」から確認（不確実）。原本照合必須,pending,,,pending,,draft
KB2025-024-002,024,行政法,行政機関の種類,9,A,,[問題文読取困難 - 執行機関の性格または実力行使の権限に関する問題と思われる],×,false,[解説読取困難],152,153,0024.png,行政組織法|行政機関|執行機関,1,問題文欠損,問題文・解説ともに小字で読み取れず,answer_symbolは右欄「9 ×」から確認。原本照合必須,pending,,,pending,,draft
KB2025-024-003,024,行政法,行政機関の種類,10,B,,[問題文読取困難 - 補助機関の定義・性格に関する問題と思われる],×,false,[解説読取困難 - 補助機関の定義に言及],152,153,0024.png,行政組織法|行政機関|補助機関,1,問題文欠損,問題文・解説ともに小字で読み取れず,answer_symbolは右欄「10 ×」から確認。原本照合必須,pending,,,pending,,draft
KB2025-024-004,024,行政法,行政機関の種類,11,B,,[問題文読取困難 - 公安委員会の性格または権限に関する問題と思われる],×,false,[解説読取困難],152,153,0024.png,行政組織法|行政機関|公安委員会|行政委員会,1,問題文欠損,問題文・解説ともに小字で読み取れず,answer_symbolは右欄「11 ×」から確認。原本照合必須,pending,,,pending,,draft
KB2025-024-005,024,行政法,行政機関の種類,12,B,,[問題文読取困難 - 国家公務員の人事行為・人事院に関する問題と思われる],×,false,[解説読取困難],152,153,0024.png,行政組織法|行政機関|人事院|国家公務員,1,問題文欠損,問題文・解説ともに小字で読み取れず,answer_symbolは右欄「12 ×」から確認。原本照合必須,pending,,,pending,,draft
KB2025-024-006,024,行政法,行政機関の権限,1,B,,[問題文読取困難 - 行政処分と行政機関の権限の関係に関する問題と思われる],○,true,[解説読取困難 - 行政処分の権限に言及],152,153,0024.png,行政組織法|行政機関の権限|行政処分,1,問題文欠損,問題文・解説ともに小字で読み取れず,answer_symbolは右欄「1 ○」から確認（不確実）。原本照合必須,pending,,,pending,,draft
